Name, Sequence
Asian Elephant,ATCGGCTATAGCTAGCTAGCTCAGTCGATCGATCGTACGTACGTACGTACGATCGATCGATCGATCGATCGTAGCTAGCTAGCAAGATGATCGATCGATCGATCGATCGATCGATCGATCGATATCGGCTATAGCTAGCTAGCTCAGTCGATCGATCGTACGTACGTACGTACGATCGATCGATCGATCGATCGTAGCTAGCTAGCAAGATGATCGATCGATCGATCGATCGATCGATCGATCGATATCGGCTATAGCTAGCTAGCTCAGTCGATCGATCGTACGTACGTACGTACGATCGATCGATCGATCGATCGTAGCTAGCTAGCAAGATGATCGATCGATCGATCGATCGATCGATCGATCGATATCGGCTATAGCTAGCTAGCTCAGTCGATCGATCGTACGTACGTACGTACGATCGATCGATCGATCGATCGTAGCTAGCTAGCAAGATGATCGATCGATCGATCGATCGATCGATCGATCGAT
Woolly Mammoth,ATCGGCTATAGCTAGCTAGCTCAGTCGATCGATCGTACGAACGTACGTACGATCGATCGATCGATCGATCGTAGCTAGCTAGCTAGCTGATCGATTGATCGATCGATCGATCGATCGATCGATATCGGCTATAGCTAGCTAGCTCAGTCGATCGATCGTACGAACGTACGTACGATCGATCGATCGATCGATCGTAGCTAGCTAGCTAGCTGATCGATTGATCGATCGATCGATCGATCGATCGATATCGGCTATAGCTAGCTAGCTCAGTCGATCGATCGTACGAACGTACGTACGATCGATCGATCGATCGATCGTAGCTAGCTAGCTAGCTGATCGATTGATCGATCGATCGATCGATCGATCGATATCGGCTATAGCTAGCTAGCTCAGTCGATCGATCGTACGAACGTACGTACGATCGATCGATCGATCGATCGTAGCTAGCTAGCTAGCTGATCGATTGATCGATCGATCGATCGATCGATCGAT
Indian Rhinoceros,ATCGGCTATAGCTAGCTAGCTCAGTCGATCGATCGTACGTACGTACGTACGGTCGATCGATCGATCGATCGTAGCTAGCAAGCTAGCTGATCGCTCGATCGATCGATCGATCGATCGATCGATATCGGCTATAGCTAGCTAGCTCAGTCGATCGATCGTACGTACGTACGTACGGTCGATCGATCGATCGATCGTAGCTAGCAAGCTAGCTGATCGCTCGATCGATCGATCGATCGATCGATCGATATCGGCTATAGCTAGCTAGCTCAGTCGATCGATCGTACGTACGTACGTACGGTCGATCGATCGATCGATCGTAGCTAGCAAGCTAGCTGATCGCTCGATCGATCGATCGATCGATCGATCGATATCGGCTATAGCTAGCTAGCTCAGTCGATCGATCGTACGTACGTACGTACGGTCGATCGATCGATCGATCGTAGCTAGCAAGCTAGCTGATCGCTCGATCGATCGATCGATCGATCGATCGAT
Black Rhinoceros,ATCGGCTATAGCTAGCTAGCTCAGTCGATCGATCGTACGTACGTACGTACGATCGATCGATCGATCGACCGTAGCTAGCTAGCTAGCTGATCGATCGATCGATCGATCGATCGATCGATCGAAATCGGCTATAGCTAGCTAGCTCAGTCGATCGATCGTACGTACGTACGTACGATCGATCGATCGATCGACCGTAGCTAGCTAGCTAGCTGATCGATCGATCGATCGATCGATCGATCGATCGAAATCGGCTATAGCTAGCTAGCTCAGTCGATCGATCGTACGTACGTACGTACGATCGATCGATCGATCGACCGTAGCTAGCTAGCTAGCTGATCGATCGATCGATCGATCGATCGATCGATCGAAATCGGCTATAGCTAGCTAGCTCAGTCGATCGATCGTACGTACGTACGTACGATCGATCGATCGATCGACCGTAGCTAGCTAGCTAGCTGATCGATCGATCGATCGATCGATCGATCGATCGAA
White Rhinoceros,ATCGGCAATCGCTAGCTAGCTCAGTCGATCGATCGTACGTACGTACGTACGATCGATCGATCGATCGATCGTAGCTAGCTAGCTAGCTGATCGATCGATCGATCGATCGATCGATCGATCGATATCGGCAATCGCTAGCTAGCTCAGTCGATCGATCGTACGTACGTACGTACGATCGATCGATCGATCGATCGTAGCTAGCTAGCTAGCTGATCGATCGATCGATCGATCGATCGATCGATCGATATCGGCAATCGCTAGCTAGCTCAGTCGATCGATCGTACGTACGTACGTACGATCGATCGATCGATCGATCGTAGCTAGCTAGCTAGCTGATCGATCGATCGATCGATCGATCGATCGATCGATATCGGCAATCGCTAGCTAGCTCAGTCGATCGATCGTACGTACGTACGTACGATCGATCGATCGATCGATCGTAGCTAGCTAGCTAGCTGATCGATCGATCGATCGATCGATCGATCGATCGAT
Hippopotamus,ATCGGCTATAGCTAGCTAGCTCAGTCGGTCGATCGTACGTACGTACGTACGATCGATCGATCGATCGATCGTAGCTACCTAGCTAGCTGATCGATCGATCGATCGATCGATCGATCGATCGATATCGGCTATAGCTAGCTAGCTCAGTCGGTCGATCGTACGTACGTACGTACGATCGATCGATCGATCGATCGTAGCTACCTAGCTAGCTGATCGATCGATCGATCGATCGATCGATCGATCGATATCGGCTATAGCTAGCTAGCTCAGTCGGTCGATCGTACGTACGTACGTACGATCGATCGATCGATCGATCGTAGCTACCTAGCTAGCTGATCGATCGATCGATCGATCGATCGATCGATCGATATCGGCTATAGCTAGCTAGCTCAGTCGGTCGATCGTACGTACGTACGTACGATCGATCGATCGATCGATCGTAGCTACCTAGCTAGCTGATCGATCGATCGATCGATCGATCGATCGATCGAT
Giraffe,ATCGGCTATAGCTAGCTAGCTCAGTCGATCGATCGTACGTACGTACGTACGATCGATCGATCGATCGATCGTAGCTAGCTAGCTAGCTGATCGATCGATCGATCGATCGCTCGATCGATCGATATCGGCTATAGCTAGCTAGCTCAGTCGATCGATCGTACGTACGTACGTACGATCGATCGATCGATCGATCGTAGCTAGCTAGCTAGCTGATCGATCGATCGATCGATCGCTCGATCGATCGATATCGGCTATAGCTAGCTAGCTCAGTCGATCGATCGTACGTACGTACGTACGATCGATCGATCGATCGATCGTAGCTAGCTAGCTAGCTGATCGATCGATCGATCGATCGCTCGATCGATCGATATCGGCTATAGCTAGCTAGCTCAGTCGATCGATCGTACGTACGTACGTACGATCGATCGATCGATCGATCGTAGCTAGCTAGCTAGCTGATCGATCGATCGATCGATCGCTCGATCGATCGAT
Okapi,ATCGGCTATAGCTAGCTAGCTCAGTCGATCGATCGTACGTACGTACGTACGATCGGTCGATCGATCGATCGTAGCTAGCTAGCTAGCTGATCGATCGATCGACCGATCGATCGATCGATCGATATCGGCTATAGCTAGCTAGCTCAGTCGATCGATCGTACGTACGTACGTACGATCGGTCGATCGATCGATCGTAGCTAGCTAGCTAGCTGATCGATCGATCGACCGATCGATCGATCGATCGATATCGGCTATAGCTAGCTAGCTCAGTCGATCGATCGTACGTACGTACGTACGATCGGTCGATCGATCGATCGTAGCTAGCTAGCTAGCTGATCGATCGATCGACCGATCGATCGATCGATCGATATCGGCTATAGCTAGCTAGCTCAGTCGATCGATCGTACGTACGTACGTACGATCGGTCGATCGATCGATCGTAGCTAGCTAGCTAGCTGATCGATCGATCGACCGATCGATCGATCGATCGAT
Manatee,ATCGGCTATAGCTAGCTAGCTCAGTCGATCGATCGTACGTACGTACGTACGATCCATCGATCGATCGATCGTAGCTAGCTCGCTAGCTGATCGATCGATCGATCGATCGATCGATCGATCGATATCGGCTATAGCTAGCTAGCTCAGTCGATCGATCGTACGTACGTACGTACGATCCATCGATCGATCGATCGTAGCTAGCTCGCTAGCTGATCGATCGATCGATCGATCGATCGATCGATCGATATCGGCTATAGCTAGCTAGCTCAGTCGATCGATCGTACGTACGTACGTACGATCCATCGATCGATCGATCGTAGCTAGCTCGCTAGCTGATCGATCGATCGATCGATCGATCGATCGATCGATATCGGCTATAGCTAGCTAGCTCAGTCGATCGATCGTACGTACGTACGTACGATCCATCGATCGATCGATCGTAGCTAGCTCGCTAGCTGATCGATCGATCGATCGATCGATCGATCGATCGAT
Lion,AACGTACGTACGTATCGGTATCGGTACGGTCAGTCAGTCAGTCAGTCAGTCAGTCAGTCAGTCAGAGTCAGAGTCAGTCAGAGTCAGTAGCTAGCTCGTAGCTCGATCGATCGATCGTACGTAAACGTACGTACGTATCGGTATCGGTACGGTCAGTCAGTCAGTCAGTCAGTCAGTCAGTCAGTCAGAGTCAGAGTCAGTCAGAGTCAGTAGCTAGCTCGTAGCTCGATCGATCGATCGTACGTAAACGTACGTACGTATCGGTATCGGTACGGTCAGTCAGTCAGTCAGTCAGTCAGTCAGTCAGTCAGAGTCAGAGTCAGTCAGAGTCAGTAGCTAGCTCGTAGCTCGATCGATCGATCGTACGTAAACGTACGTACGTATCGGTATCGGTACGGTCAGTCAGTCAGTCAGTCAGTCAGTCAGTCAGTCAGAGTCAGAGTCAGTCAGAGTCAGTAGCTAGCTCGTAGCTCGATCGATCGATCGTACGTA
Tiger,AACGTACGTACGTATCGGTATCGGTACGGTCAGTCAGTCAGTCAGTCAGTCAGTCAGTCAGTCAGAGTCAGAGTCAGTCAGAGTCAGTAGCTAGCTCGTAGCTCGATCAATCGATTGTACGTAAACGTACGTACGTATCGGTATCGGTACGGTCAGTCAGTCAGTCAGTCAGTCAGTCAGTCAGTCAGAGTCAGAGTCAGTCAGAGTCAGTAGCTAGCTCGTAGCTCGATCAATCGATTGTACGTAAACGTACGTACGTATCGGTATCGGTACGGTCAGTCAGTCAGTCAGTCAGTCAGTCAGTCAGTCAGAGTCAGAGTCAGTCAGAGTCAGTAGCTAGCTCGTAGCTCGATCAATCGATTGTACGTAAACGTACGTACGTATCGGTATCGGTACGGTCAGTCAGTCAGTCAGTCAGTCAGTCAGTCAGTCAGAGTCAGAGTCAGTCAGAGTCAGTAGCTAGCTCGTAGCTCGATCAATCGATTGTACGTA
Leopard,AACGTACGTACGTATCGGTATCGGTACGGTCAGTCAGTCAGTCAGTCAGTCAGTCAGTCAGTCAGAGTCAGAGTCAGTCAGAGTCAGTAGCTAGCTCGCAGCTCGACCGATCGATCGTACGTAAACGTACGTACGTATCGGTATCGGTACGGTCAGTCAGTCAGTCAGTCAGTCAGTCAGTCAGTCAGAGTCAGAGTCAGTCAGAGTCAGTAGCTAGCTCGCAGCTCGACCGATCGATCGTACGTAAACGTACGTACGTATCGGTATCGGTACGGTCAGTCAGTCAGTCAGTCAGTCAGTCAGTCAGTCAGAGTCAGAGTCAGTCAGAGTCAGTAGCTAGCTCGCAGCTCGACCGATCGATCGTACGTAAACGTACGTACGTATCGGTATCGGTACGGTCAGTCAGTCAGTCAGTCAGTCAGTCAGTCAGTCAGAGTCAGAGTCAGTCAGAGTCAGTAGCTAGCTCGCAGCTCGACCGATCGATCGTACGTA
Jaguar,AACGTACGTACGTATCGGTATCGGTACGGTCAGTCAGTCAGTCAGTCAGTCAGTCAGTCAGTCAGAGTCAGAGTCAGTCAGAGTCAGTAGCTAGCTCGTAGCTCGATCGATCGTTCGTACGTAAACGTACGTACGTATCGGTATCGGTACGGTCAGTCAGTCAGTCAGTCAGTCAGTCAGTCAGTCAGAGTCAGAGTCAGTCAGAGTCAGTAGCTAGCTCGTAGCTCGATCGATCGTTCGTACGTAAACGTACGTACGTATCGGTATCGGTACGGTCAGTCAGTCAGTCAGTCAGTCAGTCAGTCAGTCAGAGTCAGAGTCAGTCAGAGTCAGTAGCTAGCTCGTAGCTCGATCGATCGTTCGTACGTAAACGTACGTACGTATCGGTATCGGTACGGTCAGTCAGTCAGTCAGTCAGTCAGTCAGTCAGTCAGAGTCAGAGTCAGTCAGAGTCAGTAGCTAGCTCGTAGCTCGATCGATCGTTCGTACGTA
Cheetah,AACGTACGTACGTATCGGTATCGGTACGGTCAGTCAGTCAGTCAGTCAGTCAGTCAGTCAGTCAGAGTCTGAGTCAGTCAGAGTCAGTAGCTAGCTCGTAGCTCGATCGATCGATCGTACGTAAACGTACGTACGTATCGGTATCGGTACGGTCAGTCAGTCAGTCAGTCAGTCAGTCAGTCAGTCAGAGTCTGAGTCAGTCAGAGTCAGTAGCTAGCTCGTAGCTCGATCGATCGATCGTACGTAAACGTACGTACGTATCGGTATCGGTACGGTCAGTCAGTCAGTCAGTCAGTCAGTCAGTCAGTCAGAGTCTGAGTCAGTCAGAGTCAGTAGCTAGCTCGTAGCTCGATCGATCGATCGTACGTAAACGTACGTACGTATCGGTATCGGTACGGTCAGTCAGTCAGTCAGTCAGTCAGTCAGTCAGTCAGAGTCTGAGTCAGTCAGAGTCAGTAGCTAGCTCGTAGCTCGATCGATCGATCGTACGTA
Lynx,ACCGTACGTACGTATCGGTATCGGTACGGTCAGTCAGTCAGTCAGTCAGTCAGTCAGTCAGTCAGAGTCAGAGTCAGTCAGAGTCAGTAGCTAGCTCGTAGCCCGATCGATCGATCGTACGTAACCGTACGTACGTATCGGTATCGGTACGGTCAGTCAGTCAGTCAGTCAGTCAGTCAGTCAGTCAGAGTCAGAGTCAGTCAGAGTCAGTAGCTAGCTCGTAGCCCGATCGATCGATCGTACGTAACCGTACGTACGTATCGGTATCGGTACGGTCAGTCAGTCAGTCAGTCAGTCAGTCAGTCAGTCAGAGTCAGAGTCAGTCAGAGTCAGTAGCTAGCTCGTAGCCCGATCGATCGATCGTACGTAACCGTACGTACGTATCGGTATCGGTACGGTCAGTCAGTCAGTCAGTCAGTCAGTCAGTCAGTCAGAGTCAGAGTCAGTCAGAGTCAGTAGCTAGCTCGTAGCCCGATCGATCGATCGTACGTA
Cougar,ACCGTACGTACGTATCGGTATCGGTACGGTCAGTCAGTCAGTCAGTCAGTCAGTCAGTCAGTCAGAGTCAGAGTCAGTCAGAGTCAGTAGCTAGCTCGTAGCTCGATCGATCGATCGTACGCAACCGTACGTACGTATCGGTATCGGTACGGTCAGTCAGTCAGTCAGTCAGTCAGTCAGTCAGTCAGAGTCAGAGTCAGTCAGAGTCAGTAGCTAGCTCGTAGCTCGATCGATCGATCGTACGCAACCGTACGTACGTATCGGTATCGGTACGGTCAGTCAGTCAGTCAGTCAGTCAGTCAGTCAGTCAGAGTCAGAGTCAGTCAGAGTCAGTAGCTAGCTCGTAGCTCGATCGATCGATCGTACGCAACCGTACGTACGTATCGGTATCGGTACGGTCAGTCAGTCAGTCAGTCAGTCAGTCAGTCAGTCAGAGTCAGAGTCAGTCAGAGTCAGTAGCTAGCTCGTAGCTCGATCGATCGATCGTACGCA
Bobcat,ACCGTACGCACGTATCGGTATCGGTACGGTCAGTCAGTCAGTCAGTCAGTCAGTCAGTCAGTCAGAGTCAGAGTCAGTCAGAGTCAGTAGCTAGCTCGTAGCTCGATCGATCGATCGTACGTAACCGTACGCACGTATCGGTATCGGTACGGTCAGTCAGTCAGTCAGTCAGTCAGTCAGTCAGTCAGAGTCAGAGTCAGTCAGAGTCAGTAGCTAGCTCGTAGCTCGATCGATCGATCGTACGTAACCGTACGCACGTATCGGTATCGGTACGGTCAGTCAGTCAGTCAGTCAGTCAGTCAGTCAGTCAGAGTCAGAGTCAGTCAGAGTCAGTAGCTAGCTCGTAGCTCGATCGATCGATCGTACGTAACCGTACGCACGTATCGGTATCGGTACGGTCAGTCAGTCAGTCAGTCAGTCAGTCAGTCAGTCAGAGTCAGAGTCAGTCAGAGTCAGTAGCTAGCTCGTAGCTCGATCGATCGATCGTACGTA
Snow Leopard,ACCGTACGTACGTATCGGTATCGGTACGGTCAGTCAGTCAGTCAGTCAGTCAGTCAGTCAGTCAGAGTCAGAGTCAGTGAGAGTCAGTAGCTAGCTCGTAGCTCGATCGATCGATCGTACGTAACCGTACGTACGTATCGGTATCGGTACGGTCAGTCAGTCAGTCAGTCAGTCAGTCAGTCAGTCAGAGTCAGAGTCAGTGAGAGTCAGTAGCTAGCTCGTAGCTCGATCGATCGATCGTACGTAACCGTACGTACGTATCGGTATCGGTACGGTCAGTCAGTCAGTCAGTCAGTCAGTCAGTCAGTCAGAGTCAGAGTCAGTGAGAGTCAGTAGCTAGCTCGTAGCTCGATCGATCGATCGTACGTAACCGTACGTACGTATCGGTATCGGTACGGTCAGTCAGTCAGTCAGTCAGTCAGTCAGTCAGTCAGAGTCAGAGTCAGTGAGAGTCAGTAGCTAGCTCGTAGCTCGATCGATCGATCGTACGTA
Serval,ACCGTACGTACGTATCGGTATCGGTACGGTCAGTCAGTCAGTCAGTCAGTCAGTCAGTCAGTCAGAGTCAGAGTCAGTCAGAGTCAGTCGCTAGCTCGTAGCTCGATCGATCGATCGTACGTAACCGTACGTACGTATCGGTATCGGTACGGTCAGTCAGTCAGTCAGTCAGTCAGTCAGTCAGTCAGAGTCAGAGTCAGTCAGAGTCAGTCGCTAGCTCGTAGCTCGATCGATCGATCGTACGTAACCGTACGTACGTATCGGTATCGGTACGGTCAGTCAGTCAGTCAGTCAGTCAGTCAGTCAGTCAGAGTCAGAGTCAGTCAGAGTCAGTCGCTAGCTCGTAGCTCGATCGATCGATCGTACGTAACCGTACGTACGTATCGGTATCGGTACGGTCAGTCAGTCAGTCAGTCAGTCAGTCAGTCAGTCAGAGTCAGAGTCAGTCAGAGTCAGTCGCTAGCTCGTAGCTCGATCGATCGATCGTACGTA
Grey Wolf,TAAGCTCGATCGATCGAACGATCGATCGATCGATCGCTAGCTAGCTATCGTACGTACGTCAGTCAGTCAGTCAGTCAGTCAGTCAGTCAGTCAGTCAGTACGATCGCTACGATCGCTACGATCTAAGCTCGATCGATCGAACGATCGATCGATCGATCGCTAGCTAGCTATCGTACGTACGTCAGTCAGTCAGTCAGTCAGTCAGTCAGTCAGTCAGTCAGTACGATCGCTACGATCGCTACGATCTAAGCTCGATCGATCGAACGATCGATCGATCGATCGCTAGCTAGCTATCGTACGTACGTCAGTCAGTCAGTCAGTCAGTCAGTCAGTCAGTCAGTCAGTACGATCGCTACGATCGCTACGATCTAAGCTCGATCGATCGAACGATCGATCGATCGATCGCTAGCTAGCTATCGTACGTACGTCAGTCAGTCAGTCAGTCAGTCAGTCAGTCAGTCAGTCAGTACGATCGCTACGATCGCTACGATC
Red Wolf,TAAGCTCGATCGATCGATCGATCGATCGATCGATCGCTAGCTAGCTATCGTACGTACGTCAGTCAGTCAGTCAGTCAGTCAGTCAGTCAGTCAGTCAGTACGATCGCTACGATCGCTACGATCTAAGCTCGATCGATCGATCGATCGATCGATCGATCGCTAGCTAGCTATCGTACGTACGTCAGTCAGTCAGTCAGTCAGTCAGTCAGTCAGTCAGTCAGTACGATCGCTACGATCGCTACGATCTAAGCTCGATCGATCGATCGATCGATCGATCGATCGCTAGCTAGCTATCGTACGTACGTCAGTCAGTCAGTCAGTCAGTCAGTCAGTCAGTCAGTCAGTACGATCGCTACGATCGCTACGATCTAAGCTCGATCGATCGATCGATCGATCGATCGATCGCTAGCTAGCTATCGTACGTACGTCAGTCAGTCAGTCAGTCAGTCAGTCAGTCAGTCAGTCAGTACGATCGCTACGATCGCTACGATC
Coyote,TAAGCTCGATCGATCGATCGATCGATCGATCGATCGCTAGCTAGCTATCGTACGTACGTCAGTCAGTCAGTCAGTCAGTCAGTCAGTCAGTCAGTCAGTACGATCGCTACGATCGATACGATCTAAGCTCGATCGATCGATCGATCGATCGATCGATCGCTAGCTAGCTATCGTACGTACGTCAGTCAGTCAGTCAGTCAGTCAGTCAGTCAGTCAGTCAGTACGATCGCTACGATCGATACGATCTAAGCTCGATCGATCGATCGATCGATCGATCGATCGCTAGCTAGCTATCGTACGTACGTCAGTCAGTCAGTCAGTCAGTCAGTCAGTCAGTCAGTCAGTACGATCGCTACGATCGATACGATCTAAGCTCGATCGATCGATCGATCGATCGATCGATCGCTAGCTAGCTATCGTACGTACGTCAGTCAGTCAGTCAGTCAGTCAGTCAGTCAGTCAGTCAGTACGATCGCTACGATCGATACGATC
Arctic Fox,TAAGCTCGATCGATCGATCGATCGATCGATCGATCGCTAGCTAGCTATCGTACGTACGTCAGTCAGTCAGTCAGTCAGTCAGTCAGTCAGTCAGTCAGTACGATCGCTACGACCGCTACGATCTAAGCTCGATCGATCGATCGATCGATCGATCGATCGCTAGCTAGCTATCGTACGTACGTCAGTCAGTCAGTCAGTCAGTCAGTCAGTCAGTCAGTCAGTACGATCGCTACGACCGCTACGATCTAAGCTCGATCGATCGATCGATCGATCGATCGATCGCTAGCTAGCTATCGTACGTACGTCAGTCAGTCAGTCAGTCAGTCAGTCAGTCAGTCAGTCAGTACGATCGCTACGACCGCTACGATCTAAGCTCGATCGATCGATCGATCGATCGATCGATCGCTAGCTAGCTATCGTACGTACGTCAGTCAGTCAGTCAGTCAGTCAGTCAGTCAGTCAGTCAGTACGATCGCTACGACCGCTACGATC
Red Fox,TAAGCTCGATCGATCGATCGATCGATCGATCGATCGCTAGCTAGCTATCGTACGTACGTCAGTCAGTCAGTCAGTCAGTCAGTCAGTCAGTCAGTCAGTACGATCGCTACGAACGCTACGATCTAAGCTCGATCGATCGATCGATCGATCGATCGATCGCTAGCTAGCTATCGTACGTACGTCAGTCAGTCAGTCAGTCAGTCAGTCAGTCAGTCAGTCAGTACGATCGCTACGAACGCTACGATCTAAGCTCGATCGATCGATCGATCGATCGATCGATCGCTAGCTAGCTATCGTACGTACGTCAGTCAGTCAGTCAGTCAGTCAGTCAGTCAGTCAGTCAGTACGATCGCTACGAACGCTACGATCTAAGCTCGATCGATCGATCGATCGATCGATCGATCGCTAGCTAGCTATCGTACGTACGTCAGTCAGTCAGTCAGTCAGTCAGTCAGTCAGTCAGTCAGTACGATCGCTACGAACGCTACGATC
Jackal,TAAGCTCGATCGATCGATCGATCGATCGATCGGTCGCTAGCTAGCTATCGTACGTACGTCAGTCAGTCAGTCAGTCAGTCAGTCAGTCAGTCAGTCAGTACGATCGCTACGATCGCTACGATCTAAGCTCGATCGATCGATCGATCGATCGATCGGTCGCTAGCTAGCTATCGTACGTACGTCAGTCAGTCAGTCAGTCAGTCAGTCAGTCAGTCAGTCAGTACGATCGCTACGATCGCTACGATCTAAGCTCGATCGATCGATCGATCGATCGATCGGTCGCTAGCTAGCTATCGTACGTACGTCAGTCAGTCAGTCAGTCAGTCAGTCAGTCAGTCAGTCAGTACGATCGCTACGATCGCTACGATCTAAGCTCGATCGATCGATCGATCGATCGATCGGTCGCTAGCTAGCTATCGTACGTACGTCAGTCAGTCAGTCAGTCAGTCAGTCAGTCAGTCAGTCAGTACGATCGCTACGATCGCTACGATC
Dingo,TAAGCTCGATCGATCGATCGATCGATCGATCGCTCGCTAGCTAGCTATCGTACGTACGTCAGTCAGTCAGTCAGTCAGTCAGTCAGTCAGTCAGTCAGTACGATCGCTACGATCGCTACGATCTAAGCTCGATCGATCGATCGATCGATCGATCGCTCGCTAGCTAGCTATCGTACGTACGTCAGTCAGTCAGTCAGTCAGTCAGTCAGTCAGTCAGTCAGTACGATCGCTACGATCGCTACGATCTAAGCTCGATCGATCGATCGATCGATCGATCGCTCGCTAGCTAGCTATCGTACGTACGTCAGTCAGTCAGTCAGTCAGTCAGTCAGTCAGTCAGTCAGTACGATCGCTACGATCGCTACGATCTAAGCTCGATCGATCGATCGATCGATCGATCGCTCGCTAGCTAGCTATCGTACGTACGTCAGTCAGTCAGTCAGTCAGTCAGTCAGTCAGTCAGTCAGTACGATCGCTACGATCGCTACGATC
Gray Fox,TAAGCTCGATCGATCGATCGATCGATCGATCGATCGCTAGCTAGCTATCGTACGTACGTCAGTCAGTCAGTCAGTCAGTCAGTCAGTCAGTCAGTCAGTACGATCGCTACGATCGCTACCATCTAAGCTCGATCGATCGATCGATCGATCGATCGATCGCTAGCTAGCTATCGTACGTACGTCAGTCAGTCAGTCAGTCAGTCAGTCAGTCAGTCAGTCAGTACGATCGCTACGATCGCTACCATCTAAGCTCGATCGATCGATCGATCGATCGATCGATCGCTAGCTAGCTATCGTACGTACGTCAGTCAGTCAGTCAGTCAGTCAGTCAGTCAGTCAGTCAGTACGATCGCTACGATCGCTACCATCTAAGCTCGATCGATCGATCGATCGATCGATCGATCGCTAGCTAGCTATCGTACGTACGTCAGTCAGTCAGTCAGTCAGTCAGTCAGTCAGTCAGTCAGTACGATCGCTACGATCGCTACCATC
Island Fox,TAAGCTCGATCGATCGATCGATCGATCGATCGATCGCTAGCTAGCTATCGTACGTACGTCAGTCAGTCAGTCAGTCAGTCAGTCAGTCAGTCAGTCAGTACGATCGCTACGATCGCTGCGATCTAAGCTCGATCGATCGATCGATCGATCGATCGATCGCTAGCTAGCTATCGTACGTACGTCAGTCAGTCAGTCAGTCAGTCAGTCAGTCAGTCAGTCAGTACGATCGCTACGATCGCTGCGATCTAAGCTCGATCGATCGATCGATCGATCGATCGATCGCTAGCTAGCTATCGTACGTACGTCAGTCAGTCAGTCAGTCAGTCAGTCAGTCAGTCAGTCAGTACGATCGCTACGATCGCTGCGATCTAAGCTCGATCGATCGATCGATCGATCGATCGATCGCTAGCTAGCTATCGTACGTACGTCAGTCAGTCAGTCAGTCAGTCAGTCAGTCAGTCAGTCAGTACGATCGCTACGATCGCTGCGATC
Fennec Fox,TAAGCTCGATCGATCGATCGATCGATCGACCGATCGCTAGCTAGCTATCGTACGTACGTCAGTCAGTCAGTCAGTCAGTCAGTCAGTCAGTCAGTCAGTACGATCGCTACGATCGCTACGATCTAAGCTCGATCGATCGATCGATCGATCGACCGATCGCTAGCTAGCTATCGTACGTACGTCAGTCAGTCAGTCAGTCAGTCAGTCAGTCAGTCAGTCAGTACGATCGCTACGATCGCTACGATCTAAGCTCGATCGATCGATCGATCGATCGACCGATCGCTAGCTAGCTATCGTACGTACGTCAGTCAGTCAGTCAGTCAGTCAGTCAGTCAGTCAGTCAGTACGATCGCTACGATCGCTACGATCTAAGCTCGATCGATCGATCGATCGATCGACCGATCGCTAGCTAGCTATCGTACGTACGTCAGTCAGTCAGTCAGTCAGTCAGTCAGTCAGTCAGTCAGTACGATCGCTACGATCGCTACGATC
Bottlenose Dolphin,TCCCACGTAGCTGCTAGCTAGCTACGTAGCTACGTAGCTACGTAGCTGGCTAGCTAGCTAGCTAGCTAGCTAGCTAGCTAGCTAGCTAGCTAGCTAGCTAGCTAGCTAGCTAGCTAGCTAGCTTCCCACGTAGCTGCTAGCTAGCTACGTAGCTACGTAGCTACGTAGCTGGCTAGCTAGCTAGCTAGCTAGCTAGCTAGCTAGCTAGCTAGCTAGCTAGCTAGCTAGCTAGCTAGCTAGCTAGCTTCCCACGTAGCTGCTAGCTAGCTACGTAGCTACGTAGCTACGTAGCTGGCTAGCTAGCTAGCTAGCTAGCTAGCTAGCTAGCTAGCTAGCTAGCTAGCTAGCTAGCTAGCTAGCTAGCTAGCTTCCCACGTAGCTGCTAGCTAGCTACGTAGCTACGTAGCTACGTAGCTGGCTAGCTAGCTAGCTAGCTAGCTAGCTAGCTAGCTAGCTAGCTAGCTAGCTAGCTAGCTAGCTAGCTAGCTAGCT
Orca,TCCCACGTAGCTGCTAGCTAGCTACGTAGCTACGTAGCTACGTAGCTGGCTAGCTAGCTAGCTAGCTAGCTAGCTAGCTAGCTAGCTAGCTAGCTAGCTAGCTAGCTAGCTAGCTAGCCAGCTTCCCACGTAGCTGCTAGCTAGCTACGTAGCTACGTAGCTACGTAGCTGGCTAGCTAGCTAGCTAGCTAGCTAGCTAGCTAGCTAGCTAGCTAGCTAGCTAGCTAGCTAGCTAGCTAGCCAGCTTCCCACGTAGCTGCTAGCTAGCTACGTAGCTACGTAGCTACGTAGCTGGCTAGCTAGCTAGCTAGCTAGCTAGCTAGCTAGCTAGCTAGCTAGCTAGCTAGCTAGCTAGCTAGCTAGCCAGCTTCCCACGTAGCTGCTAGCTAGCTACGTAGCTACGTAGCTACGTAGCTGGCTAGCTAGCTAGCTAGCTAGCTAGCTAGCTAGCTAGCTAGCTAGCTAGCTAGCTAGCTAGCTAGCTAGCCAGCT
Beluga Whale,TCCCACGTAGCTGCTAGCTAGCTACGTAGCTACGTAGCTACGTAGCTGGCTAGCTAGCTAGCTAGCTAGCTAGCTAGCTAGCTCGCTAGCTAGCTAGCTAGCTAGCTAGCTAGCTAGCTAGCTTCCCACGTAGCTGCTAGCTAGCTACGTAGCTACGTAGCTACGTAGCTGGCTAGCTAGCTAGCTAGCTAGCTAGCTAGCTAGCTCGCTAGCTAGCTAGCTAGCTAGCTAGCTAGCTAGCTAGCTTCCCACGTAGCTGCTAGCTAGCTACGTAGCTACGTAGCTACGTAGCTGGCTAGCTAGCTAGCTAGCTAGCTAGCTAGCTAGCTCGCTAGCTAGCTAGCTAGCTAGCTAGCTAGCTAGCTAGCTTCCCACGTAGCTGCTAGCTAGCTACGTAGCTACGTAGCTACGTAGCTGGCTAGCTAGCTAGCTAGCTAGCTAGCTAGCTAGCTCGCTAGCTAGCTAGCTAGCTAGCTAGCTAGCTAGCTAGCT
Sperm Whale,TCCCACGTAGCTGCTAGCTAGCTACGTAGCTACGTAGCTACGTAGCTGGCTAGCTAGCTAGCTAGCTAGCTAGCTAGCTAGCTAGCTAGCTAGCTAGCTAGCTAGCTAGCTAGCTAGCAAGCTTCCCACGTAGCTGCTAGCTAGCTACGTAGCTACGTAGCTACGTAGCTGGCTAGCTAGCTAGCTAGCTAGCTAGCTAGCTAGCTAGCTAGCTAGCTAGCTAGCTAGCTAGCTAGCTAGCAAGCTTCCCACGTAGCTGCTAGCTAGCTACGTAGCTACGTAGCTACGTAGCTGGCTAGCTAGCTAGCTAGCTAGCTAGCTAGCTAGCTAGCTAGCTAGCTAGCTAGCTAGCTAGCTAGCTAGCAAGCTTCCCACGTAGCTGCTAGCTAGCTACGTAGCTACGTAGCTACGTAGCTGGCTAGCTAGCTAGCTAGCTAGCTAGCTAGCTAGCTAGCTAGCTAGCTAGCTAGCTAGCTAGCTAGCTAGCAAGCT
Narwhal,TCCCACGTAGCTGCTAGCTAGCTACGTAGCTACGTAGCTACGTAGCTGGCTAGCTAGCTAGCTAGCTAGCTAGCTAGCTAGCTAGCTAGCTAGCTAGCTAGCTAGCTAGCTAGCTAGCTCGCTTCCCACGTAGCTGCTAGCTAGCTACGTAGCTACGTAGCTACGTAGCTGGCTAGCTAGCTAGCTAGCTAGCTAGCTAGCTAGCTAGCTAGCTAGCTAGCTAGCTAGCTAGCTAGCTAGCTCGCTTCCCACGTAGCTGCTAGCTAGCTACGTAGCTACGTAGCTACGTAGCTGGCTAGCTAGCTAGCTAGCTAGCTAGCTAGCTAGCTAGCTAGCTAGCTAGCTAGCTAGCTAGCTAGCTAGCTCGCTTCCCACGTAGCTGCTAGCTAGCTACGTAGCTACGTAGCTACGTAGCTGGCTAGCTAGCTAGCTAGCTAGCTAGCTAGCTAGCTAGCTAGCTAGCTAGCTAGCTAGCTAGCTAGCTAGCTCGCT
Blue Whale,TCCCACGTAGCTGCTAGCTAGCTACGTAGCTACGTAGCTACGTAGCTGGCTAGCTAGCTAGCTAGCTAGCTAGCTAGCTAGCTAGCTAGCTAGCTAGCTAGCTAGCTAGCTAGCTAGCTGGCTTCCCACGTAGCTGCTAGCTAGCTACGTAGCTACGTAGCTACGTAGCTGGCTAGCTAGCTAGCTAGCTAGCTAGCTAGCTAGCTAGCTAGCTAGCTAGCTAGCTAGCTAGCTAGCTAGCTGGCTTCCCACGTAGCTGCTAGCTAGCTACGTAGCTACGTAGCTACGTAGCTGGCTAGCTAGCTAGCTAGCTAGCTAGCTAGCTAGCTAGCTAGCTAGCTAGCTAGCTAGCTAGCTAGCTAGCTGGCTTCCCACGTAGCTGCTAGCTAGCTACGTAGCTACGTAGCTACGTAGCTGGCTAGCTAGCTAGCTAGCTAGCTAGCTAGCTAGCTAGCTAGCTAGCTAGCTAGCTAGCTAGCTAGCTAGCTGGCT
Humpback Whale,TCCCACGTAGCTGCTAGCTAGCTACGTAGCTACGTAGCTACGTAGCTGGCTAGCTAGCTAGCTAGCTAGCTAGCTAGCTAGCTAGCTAGCTAGCTAGCTAGCTAGCTAGCTAGCTAGATAGCTTCCCACGTAGCTGCTAGCTAGCTACGTAGCTACGTAGCTACGTAGCTGGCTAGCTAGCTAGCTAGCTAGCTAGCTAGCTAGCTAGCTAGCTAGCTAGCTAGCTAGCTAGCTAGCTAGATAGCTTCCCACGTAGCTGCTAGCTAGCTACGTAGCTACGTAGCTACGTAGCTGGCTAGCTAGCTAGCTAGCTAGCTAGCTAGCTAGCTAGCTAGCTAGCTAGCTAGCTAGCTAGCTAGCTAGATAGCTTCCCACGTAGCTGCTAGCTAGCTACGTAGCTACGTAGCTACGTAGCTGGCTAGCTAGCTAGCTAGCTAGCTAGCTAGCTAGCTAGCTAGCTAGCTAGCTAGCTAGCTAGCTAGCTAGATAGCT
Porpoise,TCCCACGTAGCTGCTAGCTAGCTACGTAGCTACGTAGCTACGTAGCTGGCTAGCTAGCTAGCTAGCTAGCTAGCTAGCTAGCTAGCTAGCTAGCTAGCTAGCTAGCTAGCTAGCAAGCTAGCTTCCCACGTAGCTGCTAGCTAGCTACGTAGCTACGTAGCTACGTAGCTGGCTAGCTAGCTAGCTAGCTAGCTAGCTAGCTAGCTAGCTAGCTAGCTAGCTAGCTAGCTAGCTAGCAAGCTAGCTTCCCACGTAGCTGCTAGCTAGCTACGTAGCTACGTAGCTACGTAGCTGGCTAGCTAGCTAGCTAGCTAGCTAGCTAGCTAGCTAGCTAGCTAGCTAGCTAGCTAGCTAGCTAGCAAGCTAGCTTCCCACGTAGCTGCTAGCTAGCTACGTAGCTACGTAGCTACGTAGCTGGCTAGCTAGCTAGCTAGCTAGCTAGCTAGCTAGCTAGCTAGCTAGCTAGCTAGCTAGCTAGCTAGCAAGCTAGCT
Gray Whale,TCCCACGTAGCTGCTAGCTAGCTACGTAGCTACGTAGCTACGTAGCTGGCTAGCTAGCTAGCTAGCTAGCTAGCTAGCTAGCTAGCTAGCTAGCTAGCTAGCTAGCTAGCTAGCTAGCTTGCTTCCCACGTAGCTGCTAGCTAGCTACGTAGCTACGTAGCTACGTAGCTGGCTAGCTAGCTAGCTAGCTAGCTAGCTAGCTAGCTAGCTAGCTAGCTAGCTAGCTAGCTAGCTAGCTAGCTTGCTTCCCACGTAGCTGCTAGCTAGCTACGTAGCTACGTAGCTACGTAGCTGGCTAGCTAGCTAGCTAGCTAGCTAGCTAGCTAGCTAGCTAGCTAGCTAGCTAGCTAGCTAGCTAGCTAGCTTGCTTCCCACGTAGCTGCTAGCTAGCTACGTAGCTACGTAGCTACGTAGCTGGCTAGCTAGCTAGCTAGCTAGCTAGCTAGCTAGCTAGCTAGCTAGCTAGCTAGCTAGCTAGCTAGCTAGCTTGCT
Pilot Whale,TCCCACGTAGCTGCTAGCTAGCTACGTAGCTACGTAGCTACGTAGCTGGCTAGCTAGCTAGCTAGCTAGCTAGCTAGCTAGCTAGCTAGCTAGCTAGCTAGCTAGCTAGCTAGCTAGACAGCTTCCCACGTAGCTGCTAGCTAGCTACGTAGCTACGTAGCTACGTAGCTGGCTAGCTAGCTAGCTAGCTAGCTAGCTAGCTAGCTAGCTAGCTAGCTAGCTAGCTAGCTAGCTAGCTAGACAGCTTCCCACGTAGCTGCTAGCTAGCTACGTAGCTACGTAGCTACGTAGCTGGCTAGCTAGCTAGCTAGCTAGCTAGCTAGCTAGCTAGCTAGCTAGCTAGCTAGCTAGCTAGCTAGCTAGACAGCTTCCCACGTAGCTGCTAGCTAGCTACGTAGCTACGTAGCTACGTAGCTGGCTAGCTAGCTAGCTAGCTAGCTAGCTAGCTAGCTAGCTAGCTAGCTAGCTAGCTAGCTAGCTAGCTAGACAGCT
House Mouse,CTTTTAGCTAGCTAGCTATCGTATCGTATCGTATCGTATCGTATCGTATCGTATCGTATCGTATCGTATCGTATCGTATCGTATCGTATCGTATCGTATCGTATCGTATCGTATCGTATCGTACTTTTAGCTAGCTAGCTATCGTATCGTATCGTATCGTATCGTATCGTATCGTATCGTATCGTATCGTATCGTATCGTATCGTATCGTATCGTATCGTATCGTATCGTATCGTATCGTATCGTACTTTTAGCTAGCTAGCTATCGTATCGTATCGTATCGTATCGTATCGTATCGTATCGTATCGTATCGTATCGTATCGTATCGTATCGTATCGTATCGTATCGTATCGTATCGTATCGTATCGTACTTTTAGCTAGCTAGCTATCGTATCGTATCGTATCGTATCGTATCGTATCGTATCGTATCGTATCGTATCGTATCGTATCGTATCGTATCGTATCGTATCGTATCGTATCGTATCGTATCGTA
Laboratory Mouse,CTTTTAGCTAGCTAGCTATCGTATCGTATCGTATCGTATCGTATCGTATCGTATCGTATCGTATCGTATCGTATCGTATCGTATCGTATCGTATCGTATCGTATCGTATCGTATCGTACCGTACTTTTAGCTAGCTAGCTATCGTATCGTATCGTATCGTATCGTATCGTATCGTATCGTATCGTATCGTATCGTATCGTATCGTATCGTATCGTATCGTATCGTATCGTATCGTATCGTACCGTACTTTTAGCTAGCTAGCTATCGTATCGTATCGTATCGTATCGTATCGTATCGTATCGTATCGTATCGTATCGTATCGTATCGTATCGTATCGTATCGTATCGTATCGTATCGTATCGTACCGTACTTTTAGCTAGCTAGCTATCGTATCGTATCGTATCGTATCGTATCGTATCGTATCGTATCGTATCGTATCGTATCGTATCGTATCGTATCGTATCGTATCGTATCGTATCGTATCGTACCGTA
Deer Mouse,CTTTTAGCTAGCTAGCTATCGTATCGTATCGTATCGTATCGTATCGTATCGTATCGTATCGTATCGTATCGTATCGTATCGTATCGTATCGTATCGTATCGTATCGTATCGCATCGTATCGTACTTTTAGCTAGCTAGCTATCGTATCGTATCGTATCGTATCGTATCGTATCGTATCGTATCGTATCGTATCGTATCGTATCGTATCGTATCGTATCGTATCGTATCGTATCGCATCGTATCGTACTTTTAGCTAGCTAGCTATCGTATCGTATCGTATCGTATCGTATCGTATCGTATCGTATCGTATCGTATCGTATCGTATCGTATCGTATCGTATCGTATCGTATCGTATCGCATCGTATCGTACTTTTAGCTAGCTAGCTATCGTATCGTATCGTATCGTATCGTATCGTATCGTATCGTATCGTATCGTATCGTATCGTATCGTATCGTATCGTATCGTATCGTATCGTATCGCATCGTATCGTA
House Rat,CTTTTAGCTAGCTAGCTATCGTATCGTATCGTATCGTATCGTATCGTATCGTATCGTATCGTATCGTATCGTATCGTATCGTATCGTATCGTATCGTATCGTATCGTATCGTCTCGTATCGTACTTTTAGCTAGCTAGCTATCGTATCGTATCGTATCGTATCGTATCGTATCGTATCGTATCGTATCGTATCGTATCGTATCGTATCGTATCGTATCGTATCGTATCGTATCGTCTCGTATCGTACTTTTAGCTAGCTAGCTATCGTATCGTATCGTATCGTATCGTATCGTATCGTATCGTATCGTATCGTATCGTATCGTATCGTATCGTATCGTATCGTATCGTATCGTATCGTCTCGTATCGTACTTTTAGCTAGCTAGCTATCGTATCGTATCGTATCGTATCGTATCGTATCGTATCGTATCGTATCGTATCGTATCGTATCGTATCGTATCGTATCGTATCGTATCGTATCGTCTCGTATCGTA
Brown Rat,CTTTTAGCTAGCTAGCTATCGTATCGTATCGTATCGTATCGTATCGTATCGTATCGTATCGTATCGTATCGTATCGTATCGTATCGTATCGTATCGTATCGTATCGTCTCGTATCGTATCGTACTTTTAGCTAGCTAGCTATCGTATCGTATCGTATCGTATCGTATCGTATCGTATCGTATCGTATCGTATCGTATCGTATCGTATCGTATCGTATCGTATCGTATCGTCTCGTATCGTATCGTACTTTTAGCTAGCTAGCTATCGTATCGTATCGTATCGTATCGTATCGTATCGTATCGTATCGTATCGTATCGTATCGTATCGTATCGTATCGTATCGTATCGTATCGTCTCGTATCGTATCGTACTTTTAGCTAGCTAGCTATCGTATCGTATCGTATCGTATCGTATCGTATCGTATCGTATCGTATCGTATCGTATCGTATCGTATCGTATCGTATCGTATCGTATCGTCTCGTATCGTATCGTA
Golden Hamster,CTTTTAGCTAGCTAGCTATCGTATCGTATCGTATCGTATCGTATCGTATCGTATCGTATCGTATCGTATCGTATCGTATCGTATCGTATCGTATCGTATCGTATCGTATCGTATCATATCGTACTTTTAGCTAGCTAGCTATCGTATCGTATCGTATCGTATCGTATCGTATCGTATCGTATCGTATCGTATCGTATCGTATCGTATCGTATCGTATCGTATCGTATCGTATCGTATCATATCGTACTTTTAGCTAGCTAGCTATCGTATCGTATCGTATCGTATCGTATCGTATCGTATCGTATCGTATCGTATCGTATCGTATCGTATCGTATCGTATCGTATCGTATCGTATCGTATCATATCGTACTTTTAGCTAGCTAGCTATCGTATCGTATCGTATCGTATCGTATCGTATCGTATCGTATCGTATCGTATCGTATCGTATCGTATCGTATCGTATCGTATCGTATCGTATCGTATCATATCGTA
Chinchilla,CTTTTAGCTAGCTAGCTATCGTATCGTATCGTATCGTATCGTATCGTATCGTATCGTATCGTATCGTATCGTATCGTATCGTATCGTATCGTATCGTATCGTATCGTATCGTATCATGTCGTACTTTTAGCTAGCTAGCTATCGTATCGTATCGTATCGTATCGTATCGTATCGTATCGTATCGTATCGTATCGTATCGTATCGTATCGTATCGTATCGTATCGTATCGTATCGTATCATGTCGTACTTTTAGCTAGCTAGCTATCGTATCGTATCGTATCGTATCGTATCGTATCGTATCGTATCGTATCGTATCGTATCGTATCGTATCGTATCGTATCGTATCGTATCGTATCGTATCATGTCGTACTTTTAGCTAGCTAGCTATCGTATCGTATCGTATCGTATCGTATCGTATCGTATCGTATCGTATCGTATCGTATCGTATCGTATCGTATCGTATCGTATCGTATCGTATCGTATCATGTCGTA
Guinea Pig,CTTTTAGCTAGCTAGCTATCGTATCGTATCGTATCGTATCGTATCGTATCGTATCGTATCGTATCGTATCGTATCGTATCGTATCGTATCGTATCGTATCGTATCGTAGCGTATCGTATCGTACTTTTAGCTAGCTAGCTATCGTATCGTATCGTATCGTATCGTATCGTATCGTATCGTATCGTATCGTATCGTATCGTATCGTATCGTATCGTATCGTATCGTATCGTAGCGTATCGTATCGTACTTTTAGCTAGCTAGCTATCGTATCGTATCGTATCGTATCGTATCGTATCGTATCGTATCGTATCGTATCGTATCGTATCGTATCGTATCGTATCGTATCGTATCGTAGCGTATCGTATCGTACTTTTAGCTAGCTAGCTATCGTATCGTATCGTATCGTATCGTATCGTATCGTATCGTATCGTATCGTATCGTATCGTATCGTATCGTATCGTATCGTATCGTATCGTAGCGTATCGTATCGTA
Gerbil,CTTTTAGCTAGCTAGCTATCGTATCGTATCGTATCGTATCGTATCGTCTCGTATCGTATCGTATCGTATCGTATCGTATCGTATCGTATCGTATCGTATCGTATCGTATCGTATCGTATCGTACTTTTAGCTAGCTAGCTATCGTATCGTATCGTATCGTATCGTATCGTCTCGTATCGTATCGTATCGTATCGTATCGTATCGTATCGTATCGTATCGTATCGTATCGTATCGTATCGTATCGTACTTTTAGCTAGCTAGCTATCGTATCGTATCGTATCGTATCGTATCGTCTCGTATCGTATCGTATCGTATCGTATCGTATCGTATCGTATCGTATCGTATCGTATCGTATCGTATCGTATCGTACTTTTAGCTAGCTAGCTATCGTATCGTATCGTATCGTATCGTATCGTCTCGTATCGTATCGTATCGTATCGTATCGTATCGTATCGTATCGTATCGTATCGTATCGTATCGTATCGTATCGTA
Vole,CTTTTAGCTAGCTAGCTATCGTATCGTATCGTATCGTATCGTATCGTATCGTATCGTATCGTATCGTATCGTATCGTATCGTATCGTATCGTATCGTATCGTTTCGTATCGTATCGTATCGTACTTTTAGCTAGCTAGCTATCGTATCGTATCGTATCGTATCGTATCGTATCGTATCGTATCGTATCGTATCGTATCGTATCGTATCGTATCGTATCGTATCGTTTCGTATCGTATCGTATCGTACTTTTAGCTAGCTAGCTATCGTATCGTATCGTATCGTATCGTATCGTATCGTATCGTATCGTATCGTATCGTATCGTATCGTATCGTATCGTATCGTATCGTTTCGTATCGTATCGTATCGTACTTTTAGCTAGCTAGCTATCGTATCGTATCGTATCGTATCGTATCGTATCGTATCGTATCGTATCGTATCGTATCGTATCGTATCGTATCGTATCGTATCGTTTCGTATCGTATCGTATCGTA
Common Raven,GAAAACTAGCTAGCTAGCTAGCTAGCTACGTACGTACGTACGTACGTACGTAGCTAGCTAGCTAGCTAGCTACGTACGTACGTACGTACGTACGTAGCTAGCTAGCTAGCTAGCTAGCTAGCTGAAAACTAGCTAGCTAGCTAGCTAGCTACGTACGTACGTACGTACGTACGTAGCTAGCTAGCTAGCTAGCTACGTACGTACGTACGTACGTACGTAGCTAGCTAGCTAGCTAGCTAGCTAGCTGAAAACTAGCTAGCTAGCTAGCTAGCTACGTACGTACGTACGTACGTACGTAGCTAGCTAGCTAGCTAGCTACGTACGTACGTACGTACGTACGTAGCTAGCTAGCTAGCTAGCTAGCTAGCTGAAAACTAGCTAGCTAGCTAGCTAGCTACGTACGTACGTACGTACGTACGTAGCTAGCTAGCTAGCTAGCTACGTACGTACGTACGTACGTACGTAGCTAGCTAGCTAGCTAGCTAGCTAGCT
American Crow,GAAAACTAGCTAGCTAGCTAGCTAGCTACGTACGTACGTACGTACGTACGTAGCTAGCTAGCTAGCTAGCTACGTACGTACGTACGTACGTACGTAGCTAGCTAGCTAGCTAGCTAGCAAGCTGAAAACTAGCTAGCTAGCTAGCTAGCTACGTACGTACGTACGTACGTACGTAGCTAGCTAGCTAGCTAGCTACGTACGTACGTACGTACGTACGTAGCTAGCTAGCTAGCTAGCTAGCAAGCTGAAAACTAGCTAGCTAGCTAGCTAGCTACGTACGTACGTACGTACGTACGTAGCTAGCTAGCTAGCTAGCTACGTACGTACGTACGTACGTACGTAGCTAGCTAGCTAGCTAGCTAGCAAGCTGAAAACTAGCTAGCTAGCTAGCTAGCTACGTACGTACGTACGTACGTACGTAGCTAGCTAGCTAGCTAGCTACGTACGTACGTACGTACGTACGTAGCTAGCTAGCTAGCTAGCTAGCAAGCT
Blue Jay,GAAAACTAGCTAGCTAGCTAGCTAGCTACGTACGTACGTACGTACGTACGTAGCTAGCTAGCTAGCTAGCTACGTACGTACGTACGTACGTACGTAGCTAGCTAGCTAGCTAGCTAGCTTGCTGAAAACTAGCTAGCTAGCTAGCTAGCTACGTACGTACGTACGTACGTACGTAGCTAGCTAGCTAGCTAGCTACGTACGTACGTACGTACGTACGTAGCTAGCTAGCTAGCTAGCTAGCTTGCTGAAAACTAGCTAGCTAGCTAGCTAGCTACGTACGTACGTACGTACGTACGTAGCTAGCTAGCTAGCTAGCTACGTACGTACGTACGTACGTACGTAGCTAGCTAGCTAGCTAGCTAGCTTGCTGAAAACTAGCTAGCTAGCTAGCTAGCTACGTACGTACGTACGTACGTACGTAGCTAGCTAGCTAGCTAGCTACGTACGTACGTACGTACGTACGTAGCTAGCTAGCTAGCTAGCTAGCTTGCT
European Magpie,GAAAACTAGCTAGCTAGCTAGCTAGCTACGTACGTACGTACGTACGTACGTAGCTAGCTAGCTAGCTAGCTACGTACGTACGTACGTACGTACGTAGCTAGCTAGCTAGCTAGCTAGCTCGCTGAAAACTAGCTAGCTAGCTAGCTAGCTACGTACGTACGTACGTACGTACGTAGCTAGCTAGCTAGCTAGCTACGTACGTACGTACGTACGTACGTAGCTAGCTAGCTAGCTAGCTAGCTCGCTGAAAACTAGCTAGCTAGCTAGCTAGCTACGTACGTACGTACGTACGTACGTAGCTAGCTAGCTAGCTAGCTACGTACGTACGTACGTACGTACGTAGCTAGCTAGCTAGCTAGCTAGCTCGCTGAAAACTAGCTAGCTAGCTAGCTAGCTACGTACGTACGTACGTACGTACGTAGCTAGCTAGCTAGCTAGCTACGTACGTACGTACGTACGTACGTAGCTAGCTAGCTAGCTAGCTAGCTCGCT
Black-billed Magpie,GAAAACTAGCTAGCTAGCTAGCTAGCTACGTACGTACGTACGTACGTACGTAGCTAGCTAGCTAGCTAGCTACGTACGTACGTACGTACGTACGTAGCTAGCTAGCTAGCTAGCTAGCGAGCTGAAAACTAGCTAGCTAGCTAGCTAGCTACGTACGTACGTACGTACGTACGTAGCTAGCTAGCTAGCTAGCTACGTACGTACGTACGTACGTACGTAGCTAGCTAGCTAGCTAGCTAGCGAGCTGAAAACTAGCTAGCTAGCTAGCTAGCTACGTACGTACGTACGTACGTACGTAGCTAGCTAGCTAGCTAGCTACGTACGTACGTACGTACGTACGTAGCTAGCTAGCTAGCTAGCTAGCGAGCTGAAAACTAGCTAGCTAGCTAGCTAGCTACGTACGTACGTACGTACGTACGTAGCTAGCTAGCTAGCTAGCTACGTACGTACGTACGTACGTACGTAGCTAGCTAGCTAGCTAGCTAGCGAGCT
Hooded Crow,GAAAACTAGCTAGCTAGCTAGCTAGCTACGTACGTACGTACGTACGTACGTAGCTAGCTAGCTAGCTAGCTACGTACGTACGTACGTACGTACGTAGCTAGCTAGCTAGCTAGCTAGCTAGCCGAAAACTAGCTAGCTAGCTAGCTAGCTACGTACGTACGTACGTACGTACGTAGCTAGCTAGCTAGCTAGCTACGTACGTACGTACGTACGTACGTAGCTAGCTAGCTAGCTAGCTAGCTAGCCGAAAACTAGCTAGCTAGCTAGCTAGCTACGTACGTACGTACGTACGTACGTAGCTAGCTAGCTAGCTAGCTACGTACGTACGTACGTACGTACGTAGCTAGCTAGCTAGCTAGCTAGCTAGCCGAAAACTAGCTAGCTAGCTAGCTAGCTACGTACGTACGTACGTACGTACGTAGCTAGCTAGCTAGCTAGCTACGTACGTACGTACGTACGTACGTAGCTAGCTAGCTAGCTAGCTAGCTAGCC
Carrion Crow,GAAAACTAGCTAGCTAGCTAGCTAGCTACGTACGTACGTACGTACGTACGTAGCTAGCTAGCTAGCTAGCTACGTACGTACGTACGTACGTACGTAGCTAGCTAGCTAGCTCGCTAGCTAGCTGAAAACTAGCTAGCTAGCTAGCTAGCTACGTACGTACGTACGTACGTACGTAGCTAGCTAGCTAGCTAGCTACGTACGTACGTACGTACGTACGTAGCTAGCTAGCTAGCTCGCTAGCTAGCTGAAAACTAGCTAGCTAGCTAGCTAGCTACGTACGTACGTACGTACGTACGTAGCTAGCTAGCTAGCTAGCTACGTACGTACGTACGTACGTACGTAGCTAGCTAGCTAGCTCGCTAGCTAGCTGAAAACTAGCTAGCTAGCTAGCTAGCTACGTACGTACGTACGTACGTACGTAGCTAGCTAGCTAGCTAGCTACGTACGTACGTACGTACGTACGTAGCTAGCTAGCTAGCTCGCTAGCTAGCT
Jackdaw,GAAAACTAGCTAGCTAGCTAGCTAGCTACGTACGTACGTACGTACGTACGTAGCTAGCTAGCTAGCTAGCTACGTACGTACGTACGTACGTACGTAGCTAGCTAGCTAGCTAGCGAGCTAGCTGAAAACTAGCTAGCTAGCTAGCTAGCTACGTACGTACGTACGTACGTACGTAGCTAGCTAGCTAGCTAGCTACGTACGTACGTACGTACGTACGTAGCTAGCTAGCTAGCTAGCGAGCTAGCTGAAAACTAGCTAGCTAGCTAGCTAGCTACGTACGTACGTACGTACGTACGTAGCTAGCTAGCTAGCTAGCTACGTACGTACGTACGTACGTACGTAGCTAGCTAGCTAGCTAGCGAGCTAGCTGAAAACTAGCTAGCTAGCTAGCTAGCTACGTACGTACGTACGTACGTACGTAGCTAGCTAGCTAGCTAGCTACGTACGTACGTACGTACGTACGTAGCTAGCTAGCTAGCTAGCGAGCTAGCT
Rook,GAAAACTAGCTAGCTAGCTAGCTAGCTACGTACGTACGTACGTACGTACGTAGCTAGCTAGCTAGCTAGCTACGTACGTACGTACGTACGTACGTAGCTAGCTAGCTCGCTAGCTAGCTAGCTGAAAACTAGCTAGCTAGCTAGCTAGCTACGTACGTACGTACGTACGTACGTAGCTAGCTAGCTAGCTAGCTACGTACGTACGTACGTACGTACGTAGCTAGCTAGCTCGCTAGCTAGCTAGCTGAAAACTAGCTAGCTAGCTAGCTAGCTACGTACGTACGTACGTACGTACGTAGCTAGCTAGCTAGCTAGCTACGTACGTACGTACGTACGTACGTAGCTAGCTAGCTCGCTAGCTAGCTAGCTGAAAACTAGCTAGCTAGCTAGCTAGCTACGTACGTACGTACGTACGTACGTAGCTAGCTAGCTAGCTAGCTACGTACGTACGTACGTACGTACGTAGCTAGCTAGCTCGCTAGCTAGCTAGCT
Clark's Nutcracker,GAAAACTAGCTAGCTAGCTAGCTAGCTACGTACGTACGTACGTACGTACGTAGCTAGCTAGCTAGCTAGCTACGTACGTACGTACGTACGTACGTAGCTAGCTAGCTAGCCAGCTAGCTAGCTGAAAACTAGCTAGCTAGCTAGCTAGCTACGTACGTACGTACGTACGTACGTAGCTAGCTAGCTAGCTAGCTACGTACGTACGTACGTACGTACGTAGCTAGCTAGCTAGCCAGCTAGCTAGCTGAAAACTAGCTAGCTAGCTAGCTAGCTACGTACGTACGTACGTACGTACGTAGCTAGCTAGCTAGCTAGCTACGTACGTACGTACGTACGTACGTAGCTAGCTAGCTAGCCAGCTAGCTAGCTGAAAACTAGCTAGCTAGCTAGCTAGCTACGTACGTACGTACGTACGTACGTAGCTAGCTAGCTAGCTAGCTACGTACGTACGTACGTACGTACGTAGCTAGCTAGCTAGCCAGCTAGCTAGCT
Great White Shark,AAAAAATGCATGCATGCATGCATGCATGCATGCATGCATGCATGCATGCATGCATGCATGCATGCATGCATGCATGCATGCATGCATGCATGCATGCATGCATGCATGCATGCATGCATGCATAAAAAATGCATGCATGCATGCATGCATGCATGCATGCATGCATGCATGCATGCATGCATGCATGCATGCATGCATGCATGCATGCATGCATGCATGCATGCATGCATGCATGCATGCATGCATAAAAAATGCATGCATGCATGCATGCATGCATGCATGCATGCATGCATGCATGCATGCATGCATGCATGCATGCATGCATGCATGCATGCATGCATGCATGCATGCATGCATGCATGCATGCATAAAAAATGCATGCATGCATGCATGCATGCATGCATGCATGCATGCATGCATGCATGCATGCATGCATGCATGCATGCATGCATGCATGCATGCATGCATGCATGCATGCATGCATGCATGCAT
Blue Shark,AAAAAATGCATGCATGCATGCATGCATGCATGCATGCATGCATGCATGCATGCATGCATGCATGCATGCATGCATGCATGCATGCATGCATGCATGCATGCATGCATGCATGCATGCCTGCATAAAAAATGCATGCATGCATGCATGCATGCATGCATGCATGCATGCATGCATGCATGCATGCATGCATGCATGCATGCATGCATGCATGCATGCATGCATGCATGCATGCATGCATGCCTGCATAAAAAATGCATGCATGCATGCATGCATGCATGCATGCATGCATGCATGCATGCATGCATGCATGCATGCATGCATGCATGCATGCATGCATGCATGCATGCATGCATGCATGCATGCCTGCATAAAAAATGCATGCATGCATGCATGCATGCATGCATGCATGCATGCATGCATGCATGCATGCATGCATGCATGCATGCATGCATGCATGCATGCATGCATGCATGCATGCATGCATGCCTGCAT
Tiger Shark,AAAAAATGCATGCATGCATGCATGCATGCATGCATGCATGCATGCATGCATGCATGCATGCATGCATGCATGCATGCATGCATGCATGCATGCATGCATGCATGCATGCATGCATGCACGCATAAAAAATGCATGCATGCATGCATGCATGCATGCATGCATGCATGCATGCATGCATGCATGCATGCATGCATGCATGCATGCATGCATGCATGCATGCATGCATGCATGCATGCATGCACGCATAAAAAATGCATGCATGCATGCATGCATGCATGCATGCATGCATGCATGCATGCATGCATGCATGCATGCATGCATGCATGCATGCATGCATGCATGCATGCATGCATGCATGCATGCACGCATAAAAAATGCATGCATGCATGCATGCATGCATGCATGCATGCATGCATGCATGCATGCATGCATGCATGCATGCATGCATGCATGCATGCATGCATGCATGCATGCATGCATGCATGCACGCAT
Hammerhead Shark,AAAAAATGCATGCATGCATGCATGCATGCATGCATGCATGCATGCATGCATGCATGCATGCATGCATGCATGCATGCATGCATGCATGCATGCATGCATGCATGCATGCATGCATGCAAGCATAAAAAATGCATGCATGCATGCATGCATGCATGCATGCATGCATGCATGCATGCATGCATGCATGCATGCATGCATGCATGCATGCATGCATGCATGCATGCATGCATGCATGCATGCAAGCATAAAAAATGCATGCATGCATGCATGCATGCATGCATGCATGCATGCATGCATGCATGCATGCATGCATGCATGCATGCATGCATGCATGCATGCATGCATGCATGCATGCATGCATGCAAGCATAAAAAATGCATGCATGCATGCATGCATGCATGCATGCATGCATGCATGCATGCATGCATGCATGCATGCATGCATGCATGCATGCATGCATGCATGCATGCATGCATGCATGCATGCAAGCAT
Bull Shark,AAAAAATGCATGCATGCATGCATGCATGCATGCATGCATGCATGCATGCATGCATGCATGCATGCATGCATGCATGCATGCATGCATGCATGCATGCATGCATGCATGCATGCATGGATGCATAAAAAATGCATGCATGCATGCATGCATGCATGCATGCATGCATGCATGCATGCATGCATGCATGCATGCATGCATGCATGCATGCATGCATGCATGCATGCATGCATGCATGCATGGATGCATAAAAAATGCATGCATGCATGCATGCATGCATGCATGCATGCATGCATGCATGCATGCATGCATGCATGCATGCATGCATGCATGCATGCATGCATGCATGCATGCATGCATGCATGGATGCATAAAAAATGCATGCATGCATGCATGCATGCATGCATGCATGCATGCATGCATGCATGCATGCATGCATGCATGCATGCATGCATGCATGCATGCATGCATGCATGCATGCATGCATGGATGCAT
Mako Shark,AAAAAATGCATGCATGCATGCATGCATGCATGCATGCATGCATGCATGCATGCATGCATGCATGCATGCATGCATGCATGCATGCATGCATGCATGCATGCATGCATGCATGCTTGCATGCATAAAAAATGCATGCATGCATGCATGCATGCATGCATGCATGCATGCATGCATGCATGCATGCATGCATGCATGCATGCATGCATGCATGCATGCATGCATGCATGCATGCATGCTTGCATGCATAAAAAATGCATGCATGCATGCATGCATGCATGCATGCATGCATGCATGCATGCATGCATGCATGCATGCATGCATGCATGCATGCATGCATGCATGCATGCATGCATGCATGCTTGCATGCATAAAAAATGCATGCATGCATGCATGCATGCATGCATGCATGCATGCATGCATGCATGCATGCATGCATGCATGCATGCATGCATGCATGCATGCATGCATGCATGCATGCATGCTTGCATGCAT
Whale Shark,AAAAAATGCATGCATGCATGCATGCATGCATGCATGCATGCATGCATGCATGCATGCATGCATGCATGCATGCATGCATGCATGCATGCATGCATGCATGCATGCATGCATGCAGGCATGCATAAAAAATGCATGCATGCATGCATGCATGCATGCATGCATGCATGCATGCATGCATGCATGCATGCATGCATGCATGCATGCATGCATGCATGCATGCATGCATGCATGCATGCAGGCATGCATAAAAAATGCATGCATGCATGCATGCATGCATGCATGCATGCATGCATGCATGCATGCATGCATGCATGCATGCATGCATGCATGCATGCATGCATGCATGCATGCATGCATGCAGGCATGCATAAAAAATGCATGCATGCATGCATGCATGCATGCATGCATGCATGCATGCATGCATGCATGCATGCATGCATGCATGCATGCATGCATGCATGCATGCATGCATGCATGCATGCAGGCATGCAT
Basking Shark,AAAAAATGCATGCATGCATGCATGCATGCATGCATGCATGCATGCATGCATGCATGCATGCATGCATGCATGCATGCATGCATGCATGCATGCATGCATGCATGCATGCATGCATCCATGCATAAAAAATGCATGCATGCATGCATGCATGCATGCATGCATGCATGCATGCATGCATGCATGCATGCATGCATGCATGCATGCATGCATGCATGCATGCATGCATGCATGCATGCATCCATGCATAAAAAATGCATGCATGCATGCATGCATGCATGCATGCATGCATGCATGCATGCATGCATGCATGCATGCATGCATGCATGCATGCATGCATGCATGCATGCATGCATGCATGCATCCATGCATAAAAAATGCATGCATGCATGCATGCATGCATGCATGCATGCATGCATGCATGCATGCATGCATGCATGCATGCATGCATGCATGCATGCATGCATGCATGCATGCATGCATGCATCCATGCAT
Thresher Shark,AAAAAATGCATGCATGCATGCATGCATGCATGCATGCATGCATGCATGCATGCATGCATGCATGCATGCATGCATGCATGCATGCATGCATGCATGCATGCATGCATGCATGCATGCCTCCATAAAAAATGCATGCATGCATGCATGCATGCATGCATGCATGCATGCATGCATGCATGCATGCATGCATGCATGCATGCATGCATGCATGCATGCATGCATGCATGCATGCATGCATGCCTCCATAAAAAATGCATGCATGCATGCATGCATGCATGCATGCATGCATGCATGCATGCATGCATGCATGCATGCATGCATGCATGCATGCATGCATGCATGCATGCATGCATGCATGCATGCCTCCATAAAAAATGCATGCATGCATGCATGCATGCATGCATGCATGCATGCATGCATGCATGCATGCATGCATGCATGCATGCATGCATGCATGCATGCATGCATGCATGCATGCATGCATGCCTCCAT
Lemon Shark,AAAAAATGCATGCATGCATGCATGCATGCATGCATGCATGCATGCATGCATGCATGCATGCATGCATGCATGCATGCATGCATGCATGCATGCATGCATGCATGCATGCATGCATGCATACACAAAAAATGCATGCATGCATGCATGCATGCATGCATGCATGCATGCATGCATGCATGCATGCATGCATGCATGCATGCATGCATGCATGCATGCATGCATGCATGCATGCATGCATGCATACACAAAAAATGCATGCATGCATGCATGCATGCATGCATGCATGCATGCATGCATGCATGCATGCATGCATGCATGCATGCATGCATGCATGCATGCATGCATGCATGCATGCATGCATGCATACACAAAAAATGCATGCATGCATGCATGCATGCATGCATGCATGCATGCATGCATGCATGCATGCATGCATGCATGCATGCATGCATGCATGCATGCATGCATGCATGCATGCATGCATGCATACAC
Common Chimpanzee,CCCCGATCGATCGATCGATCGATCGATCGATCGATCGATCGATCGATCGATCGATCGATCGATCGATCGATCGATCGATCGATCGATCGATCGATCGATCGATCGATCGATCGATCGATCGATCCCCGATCGATCGATCGATCGATCGATCGATCGATCGATCGATCGATCGATCGATCGATCGATCGATCGATCGATCGATCGATCGATCGATCGATCGATCGATCGATCGATCGATCGATCGATCCCCGATCGATCGATCGATCGATCGATCGATCGATCGATCGATCGATCGATCGATCGATCGATCGATCGATCGATCGATCGATCGATCGATCGATCGATCGATCGATCGATCGATCGATCGATCCCCGATCGATCGATCGATCGATCGATCGATCGATCGATCGATCGATCGATCGATCGATCGATCGATCGATCGATCGATCGATCGATCGATCGATCGATCGATCGATCGATCGATCGATCGAT
Bonobo,CCCCGATCGATCGATCGATCGATCGATCGATCGATCGATCGATCGATCGATCGATCGATCGATCGATCGATCGATCGATCGATCGATCGATCGATCGATCGATCGATCGATCGATCGATTGATCCCCGATCGATCGATCGATCGATCGATCGATCGATCGATCGATCGATCGATCGATCGATCGATCGATCGATCGATCGATCGATCGATCGATCGATCGATCGATCGATCGATCGATCGATTGATCCCCGATCGATCGATCGATCGATCGATCGATCGATCGATCGATCGATCGATCGATCGATCGATCGATCGATCGATCGATCGATCGATCGATCGATCGATCGATCGATCGATCGATCGATTGATCCCCGATCGATCGATCGATCGATCGATCGATCGATCGATCGATCGATCGATCGATCGATCGATCGATCGATCGATCGATCGATCGATCGATCGATCGATCGATCGATCGATCGATCGATTGAT
Gorilla,CCCCGATCGATCGATCGATCGATCGATCGATCGATCGATCGATCGATCGATCGATCGATCGATCGATCGATCGATCGATCGATCGATCGATCGATCGATCGATCGATCGATCGATCGAACGATCCCCGATCGATCGATCGATCGATCGATCGATCGATCGATCGATCGATCGATCGATCGATCGATCGATCGATCGATCGATCGATCGATCGATCGATCGATCGATCGATCGATCGATCGAACGATCCCCGATCGATCGATCGATCGATCGATCGATCGATCGATCGATCGATCGATCGATCGATCGATCGATCGATCGATCGATCGATCGATCGATCGATCGATCGATCGATCGATCGATCGAACGATCCCCGATCGATCGATCGATCGATCGATCGATCGATCGATCGATCGATCGATCGATCGATCGATCGATCGATCGATCGATCGATCGATCGATCGATCGATCGATCGATCGATCGATCGAACGAT
Orangutan,CCCCGATCGATCGATCGATCGATCGATCGATCGATCGATCGATCGATCGATCGATCGATCGATCGATCGATCGATCGATCGATCGATCGATCGATCGATCGATCGATCGATCGATCGATAGATCCCCGATCGATCGATCGATCGATCGATCGATCGATCGATCGATCGATCGATCGATCGATCGATCGATCGATCGATCGATCGATCGATCGATCGATCGATCGATCGATCGATCGATCGATAGATCCCCGATCGATCGATCGATCGATCGATCGATCGATCGATCGATCGATCGATCGATCGATCGATCGATCGATCGATCGATCGATCGATCGATCGATCGATCGATCGATCGATCGATCGATAGATCCCCGATCGATCGATCGATCGATCGATCGATCGATCGATCGATCGATCGATCGATCGATCGATCGATCGATCGATCGATCGATCGATCGATCGATCGATCGATCGATCGATCGATCGATAGAT
Gibbon,CCCCGATCGATCGATCGATCGATCGATCGATCGATCGATCGATCGATCGATCGATCGATCGATCGATCGATCGATCGATCGATCGATCGATCGATCGATCGATCGATCGATCGATCGACCGATCCCCGATCGATCGATCGATCGATCGATCGATCGATCGATCGATCGATCGATCGATCGATCGATCGATCGATCGATCGATCGATCGATCGATCGATCGATCGATCGATCGATCGATCGACCGATCCCCGATCGATCGATCGATCGATCGATCGATCGATCGATCGATCGATCGATCGATCGATCGATCGATCGATCGATCGATCGATCGATCGATCGATCGATCGATCGATCGATCGATCGACCGATCCCCGATCGATCGATCGATCGATCGATCGATCGATCGATCGATCGATCGATCGATCGATCGATCGATCGATCGATCGATCGATCGATCGATCGATCGATCGATCGATCGATCGATCGACCGAT
Baboon,CCCCGATCGATCGATCGATCGATCGATCGATCGATCGATCGATCGATCGATCGATCGATCGATCGATCGATCGATCGATCGATCGATCGATCGATCGATCGATCGATCGATCGATCGCTCGATCCCCGATCGATCGATCGATCGATCGATCGATCGATCGATCGATCGATCGATCGATCGATCGATCGATCGATCGATCGATCGATCGATCGATCGATCGATCGATCGATCGATCGATCGCTCGATCCCCGATCGATCGATCGATCGATCGATCGATCGATCGATCGATCGATCGATCGATCGATCGATCGATCGATCGATCGATCGATCGATCGATCGATCGATCGATCGATCGATCGATCGCTCGATCCCCGATCGATCGATCGATCGATCGATCGATCGATCGATCGATCGATCGATCGATCGATCGATCGATCGATCGATCGATCGATCGATCGATCGATCGATCGATCGATCGATCGATCGCTCGAT
Macaque,CCCCGATCGATCGATCGATCGATCGATCGATCGATCGATCGATCGATCGATCGATCGATCGATCGATCGATCGATCGATCGATCGATCGATCGATCGATCGATCGATCGATCGAACGATCGATCCCCGATCGATCGATCGATCGATCGATCGATCGATCGATCGATCGATCGATCGATCGATCGATCGATCGATCGATCGATCGATCGATCGATCGATCGATCGATCGATCGATCGAACGATCGATCCCCGATCGATCGATCGATCGATCGATCGATCGATCGATCGATCGATCGATCGATCGATCGATCGATCGATCGATCGATCGATCGATCGATCGATCGATCGATCGATCGATCGAACGATCGATCCCCGATCGATCGATCGATCGATCGATCGATCGATCGATCGATCGATCGATCGATCGATCGATCGATCGATCGATCGATCGATCGATCGATCGATCGATCGATCGATCGATCGAACGATCGAT
Vervet Monkey,CCCCGATCGATCGATCGATCGATCGATCGATCGATCGATCGATCGATCGATCGATCGATCGATCGATCGATCGATCGATCGATCGATCGATCGATCGATCGATCGATCGATCGATGGATCGATCCCCGATCGATCGATCGATCGATCGATCGATCGATCGATCGATCGATCGATCGATCGATCGATCGATCGATCGATCGATCGATCGATCGATCGATCGATCGATCGATCGATCGATGGATCGATCCCCGATCGATCGATCGATCGATCGATCGATCGATCGATCGATCGATCGATCGATCGATCGATCGATCGATCGATCGATCGATCGATCGATCGATCGATCGATCGATCGATCGATGGATCGATCCCCGATCGATCGATCGATCGATCGATCGATCGATCGATCGATCGATCGATCGATCGATCGATCGATCGATCGATCGATCGATCGATCGATCGATCGATCGATCGATCGATCGATGGATCGAT
Spider Monkey,CCCCGATCGATCGATCGATCGATCGATCGATCGATCGATCGATCGATCGATCGATCGATCGATCGATCGATCGATCGATCGATCGATCGATCGATCGATCGATCGATCGATCGATCGATCCGTCCCCGATCGATCGATCGATCGATCGATCGATCGATCGATCGATCGATCGATCGATCGATCGATCGATCGATCGATCGATCGATCGATCGATCGATCGATCGATCGATCGATCGATCGATCCGTCCCCGATCGATCGATCGATCGATCGATCGATCGATCGATCGATCGATCGATCGATCGATCGATCGATCGATCGATCGATCGATCGATCGATCGATCGATCGATCGATCGATCGATCGATCCGTCCCCGATCGATCGATCGATCGATCGATCGATCGATCGATCGATCGATCGATCGATCGATCGATCGATCGATCGATCGATCGATCGATCGATCGATCGATCGATCGATCGATCGATCGATCCGT
Howler Monkey,CCCCGATCGATCGATCGATCGATCGATCGATCGATCGATCGATCGATCGATCGATCGATCGATCGATCGATCGATCGATCGATCGATCGATCGATCGATCGATCGATCGATCGGTCGATCGATCCCCGATCGATCGATCGATCGATCGATCGATCGATCGATCGATCGATCGATCGATCGATCGATCGATCGATCGATCGATCGATCGATCGATCGATCGATCGATCGATCGATCGGTCGATCGATCCCCGATCGATCGATCGATCGATCGATCGATCGATCGATCGATCGATCGATCGATCGATCGATCGATCGATCGATCGATCGATCGATCGATCGATCGATCGATCGATCGATCGGTCGATCGATCCCCGATCGATCGATCGATCGATCGATCGATCGATCGATCGATCGATCGATCGATCGATCGATCGATCGATCGATCGATCGATCGATCGATCGATCGATCGATCGATCGATCGGTCGATCGAT
Emperor Penguin,AAAAAAATGCATGCATGCATGCATGCATGCATGCACGTACGTACGTACGTACGTACGTACGTACGTACGTACGTACGTACGTACGTACGTACGTACGTACGTACGTACGTACGTACGTACGTAAAAAAAATGCATGCATGCATGCATGCATGCATGCACGTACGTACGTACGTACGTACGTACGTACGTACGTACGTACGTACGTACGTACGTACGTACGTACGTACGTACGTACGTACGTACGTAAAAAAAATGCATGCATGCATGCATGCATGCATGCACGTACGTACGTACGTACGTACGTACGTACGTACGTACGTACGTACGTACGTACGTACGTACGTACGTACGTACGTACGTACGTACGTAAAAAAAATGCATGCATGCATGCATGCATGCATGCACGTACGTACGTACGTACGTACGTACGTACGTACGTACGTACGTACGTACGTACGTACGTACGTACGTACGTACGTACGTACGTACGTA
King Penguin,AAAAAAATGCATGCATGCATGCATGCACGCATGCACGTACGTACGTACGTACGTACGTACGTACGTACGTACGTACGTACGTACGTACGTACGTACGTACGTACGTACGTACGTACGTACGTAAAAAAAATGCATGCATGCATGCATGCACGCATGCACGTACGTACGTACGTACGTACGTACGTACGTACGTACGTACGTACGTACGTACGTACGTACGTACGTACGTACGTACGTACGTACGTAAAAAAAATGCATGCATGCATGCATGCACGCATGCACGTACGTACGTACGTACGTACGTACGTACGTACGTACGTACGTACGTACGTACGTACGTACGTACGTACGTACGTACGTACGTACGTAAAAAAAATGCATGCATGCATGCATGCACGCATGCACGTACGTACGTACGTACGTACGTACGTACGTACGTACGTACGTACGTACGTACGTACGTACGTACGTACGTACGTACGTACGTACGTA
Adelie Penguin,AAAAAAATGCATGCATGCATGCATGCATGCATGCACGTACGTACGTACGTACGTACGTACGTACGTACGTACGTACGTACGTACGTACGTACGTACGTACGTACGTACGTACGTACGTACGCAAAAAAAATGCATGCATGCATGCATGCATGCATGCACGTACGTACGTACGTACGTACGTACGTACGTACGTACGTACGTACGTACGTACGTACGTACGTACGTACGTACGTACGTACGTACGCAAAAAAAATGCATGCATGCATGCATGCATGCATGCACGTACGTACGTACGTACGTACGTACGTACGTACGTACGTACGTACGTACGTACGTACGTACGTACGTACGTACGTACGTACGTACGCAAAAAAAATGCATGCATGCATGCATGCATGCATGCACGTACGTACGTACGTACGTACGTACGTACGTACGTACGTACGTACGTACGTACGTACGTACGTACGTACGTACGTACGTACGTACGCA
Gentoo Penguin,AAAAAAATGCATGCATGCATGCATGCATGCATGCACGTACGTACGTACGTACGTACGTACGTACGTACGTACGTACGTACGTACGTACGTACGTACGTACGTACGTACGTACGTACCTACGTAAAAAAAATGCATGCATGCATGCATGCATGCATGCACGTACGTACGTACGTACGTACGTACGTACGTACGTACGTACGTACGTACGTACGTACGTACGTACGTACGTACGTACGTACCTACGTAAAAAAAATGCATGCATGCATGCATGCATGCATGCACGTACGTACGTACGTACGTACGTACGTACGTACGTACGTACGTACGTACGTACGTACGTACGTACGTACGTACGTACGTACCTACGTAAAAAAAATGCATGCATGCATGCATGCATGCATGCACGTACGTACGTACGTACGTACGTACGTACGTACGTACGTACGTACGTACGTACGTACGTACGTACGTACGTACGTACGTACCTACGTA
Chinstrap Penguin,AAAAAAATGCATGCATGCATGCATGCATGCATGCACGTACGTACGTACGTACGTACGTACGTACGTACGTACGTACGTACGTACGTACGTACGTACGTACGTACGTACGTACGTAAGTACGTAAAAAAAATGCATGCATGCATGCATGCATGCATGCACGTACGTACGTACGTACGTACGTACGTACGTACGTACGTACGTACGTACGTACGTACGTACGTACGTACGTACGTACGTAAGTACGTAAAAAAAATGCATGCATGCATGCATGCATGCATGCACGTACGTACGTACGTACGTACGTACGTACGTACGTACGTACGTACGTACGTACGTACGTACGTACGTACGTACGTACGTAAGTACGTAAAAAAAATGCATGCATGCATGCATGCATGCATGCACGTACGTACGTACGTACGTACGTACGTACGTACGTACGTACGTACGTACGTACGTACGTACGTACGTACGTACGTACGTAAGTACGTA
Macaroni Penguin,AAAAAAATGCATGCATGCATGCATGCATGCATGCACGTACGTACGTACGTACGTACGTACGTACGTACGTACGTACGTACGTACGTACGTACGTACGTACGTACGTACGTACGTAGGTACGTAAAAAAAATGCATGCATGCATGCATGCATGCATGCACGTACGTACGTACGTACGTACGTACGTACGTACGTACGTACGTACGTACGTACGTACGTACGTACGTACGTACGTACGTAGGTACGTAAAAAAAATGCATGCATGCATGCATGCATGCATGCACGTACGTACGTACGTACGTACGTACGTACGTACGTACGTACGTACGTACGTACGTACGTACGTACGTACGTACGTACGTAGGTACGTAAAAAAAATGCATGCATGCATGCATGCATGCATGCACGTACGTACGTACGTACGTACGTACGTACGTACGTACGTACGTACGTACGTACGTACGTACGTACGTACGTACGTACGTAGGTACGTA
Rockhopper Penguin,AAAAAAATGCATGCATGCATGCATGCATGCATGCACGTACGTACGTACGTACGTACGTACGTACGTACGTACGTACGTACGTACGTACGTACGTACGTACGTACGTACGTACGTATGTACGTAAAAAAAATGCATGCATGCATGCATGCATGCATGCACGTACGTACGTACGTACGTACGTACGTACGTACGTACGTACGTACGTACGTACGTACGTACGTACGTACGTACGTACGTATGTACGTAAAAAAAATGCATGCATGCATGCATGCATGCATGCACGTACGTACGTACGTACGTACGTACGTACGTACGTACGTACGTACGTACGTACGTACGTACGTACGTACGTACGTACGTATGTACGTAAAAAAAATGCATGCATGCATGCATGCATGCATGCACGTACGTACGTACGTACGTACGTACGTACGTACGTACGTACGTACGTACGTACGTACGTACGTACGTACGTACGTACGTATGTACGTA
Little Blue Penguin,AAAAAAATGCATGCATGCATGCATGCATGAATGCACGTACGTACGTACGTACGTACGTACGTACGTACGTACGTACGTACGTACGTACGTACGTACGTACGTACGTACGTACGTACGTACGTAAAAAAAATGCATGCATGCATGCATGCATGAATGCACGTACGTACGTACGTACGTACGTACGTACGTACGTACGTACGTACGTACGTACGTACGTACGTACGTACGTACGTACGTACGTACGTAAAAAAAATGCATGCATGCATGCATGCATGAATGCACGTACGTACGTACGTACGTACGTACGTACGTACGTACGTACGTACGTACGTACGTACGTACGTACGTACGTACGTACGTACGTACGTAAAAAAAATGCATGCATGCATGCATGCATGAATGCACGTACGTACGTACGTACGTACGTACGTACGTACGTACGTACGTACGTACGTACGTACGTACGTACGTACGTACGTACGTACGTACGTA
African Penguin,AAAAAAATGCATGCATGCATGCATGCATGCTTGCACGTACGTACGTACGTACGTACGTACGTACGTACGTACGTACGTACGTACGTACGTACGTACGTACGTACGTACGTACGTACGTACGTAAAAAAAATGCATGCATGCATGCATGCATGCTTGCACGTACGTACGTACGTACGTACGTACGTACGTACGTACGTACGTACGTACGTACGTACGTACGTACGTACGTACGTACGTACGTACGTAAAAAAAATGCATGCATGCATGCATGCATGCTTGCACGTACGTACGTACGTACGTACGTACGTACGTACGTACGTACGTACGTACGTACGTACGTACGTACGTACGTACGTACGTACGTACGTAAAAAAAATGCATGCATGCATGCATGCATGCTTGCACGTACGTACGTACGTACGTACGTACGTACGTACGTACGTACGTACGTACGTACGTACGTACGTACGTACGTACGTACGTACGTACGTA
Humboldt Penguin,AAAAAAATGCATGCATGCATGCATGCATGCCTGCACGTACGTACGTACGTACGTACGTACGTACGTACGTACGTACGTACGTACGTACGTACGTACGTACGTACGTACGTACGTACGTACGTAAAAAAAATGCATGCATGCATGCATGCATGCCTGCACGTACGTACGTACGTACGTACGTACGTACGTACGTACGTACGTACGTACGTACGTACGTACGTACGTACGTACGTACGTACGTACGTAAAAAAAATGCATGCATGCATGCATGCATGCCTGCACGTACGTACGTACGTACGTACGTACGTACGTACGTACGTACGTACGTACGTACGTACGTACGTACGTACGTACGTACGTACGTACGTAAAAAAAATGCATGCATGCATGCATGCATGCCTGCACGTACGTACGTACGTACGTACGTACGTACGTACGTACGTACGTACGTACGTACGTACGTACGTACGTACGTACGTACGTACGTACGTA
