Name,Sequence
Human,ATGCCCGTATGACTAGCGCGATCGATCGATCGAGCGACTAGCGATCGAGCTAGCGACTAGCGATCGAGCTACGACAGCTAGATCAGTCGAGCTAGCTAGACAGCTAGACGACGACAGCTAGCGATCGACTGACGACTAGCGACTACGACTAG
Chimpanzee,ATGCCCGTATGACTAGCGCGATCGATCGATCGAGCGACTAGCGATCGAGCTAGCGACTAGCGATCGAGCTACGACAGTTAGATCAGTCGAGCTAGCTAGACAGCTAGACGACGACAGCTAGCGATCGACTGACGACTAGCGACTACGAGCAG
Gorilla,ATGCCCGTATGACTAGCGCGATCGATCGAGCGAGCGACTAGTGATCGAGCTAGCGACTAGCGATCGAGCTACGACAGCTAGATCAGTCGAGCTAGCTAGACAACTAGACGACGACAGCTAGCGCTCGACTGACGACTATCGACTACGAGCAG
Orangutan,ATGCCCGTATGACTAGCGCGATCGATCGATCGAGCGACTAGCGATCGAGCTAGCGACTAGCGATCTAGCTACGACATCTAGATCAGTCGATCTAGCTAGACAGCTAGACGACGACAGCTAGCGATCGACTAACGACTAGCGACTGCGAGCAG
Baboon,ATGCCCGCATGACTAGCGCGATCGATCGATCGAGCGACGAGCGATCGAGCTAGCGACTAGCTATCGAGCTACGACAGCTAGACCAGTCGAGCTAGCTAGACAGCGATACGACGACAGCTAGCGATCGACTGACGACTAGCGAATACGAGTAG
Domestic Dog,ATGCGCGTCTCACTACGGCGAGCCATAGATTGAGCGACTACGGAGCGAGCGATCGACGACCCATCGAGTTACGACAGCGAGAGCACGCGAGCTAGCTAGACAGCTAGACGACGCGAGCTAGCGATCGACTGACGACTAATGACTACGGCTAG
Wolf,ATGCGCGTCTCACTACGGCGAGCCATAGATTGAGCGACTACGGAGCGAGCGATCGACGACCTATCGAGTTACGACAGCGAGAGCACGCGAGCTAGCTAGACAGCTAGACGACGCGAGCTAGCGATCGACTGACGACTACTGACTACGGCTAG
Coyote,ATGCGCGTCTCACTACGGCGAGCGAGATATTGAGCGACTACGGAGCGAGCGATCGACGACCCATCGAGTTACGACAGCGAGAGCACGCGAGCTAGCTAGACAGCTAGACGACGCGAGTTAGCGATCGACTGACGACTAATGACTACGGATAG
Red Fox,ATGTGCGTCTCACTACGGCGCGCCATAGATTGAGCGAATACGGAGCGAGCGATCGACGACCTGTCGGGTTACGACAGCGAGAGCACGCGAGCTAGCTAGACAGCTAGACGACGCGAGCTAGCGATCGACTGACGACTAATGAGTACGGCTAG
Arctic Fox,ATGTGCGTCTCACTACGGCGCGCCATAGATTGGGCGAATACGGAGCGAGCGATCGACGACCTGTCGGGTTACGACAGCGAGAGCACGCGAGCTAGCTAGACAGCTAGACGATGCGAGCTAGCGATCGACTGACGACGAATGAGTACGGCTAG
House Cat,ATGCACGGCTCACTACGGCGCGCCTTAGATTGATCGACTACCGAGCGATCGATCGACGACCTTTCGATTGACGACAGCGAGAGCACGCGAACTAGCTAGACAGCGAGGCGACGCGAGCTAGCGATCGACTGACGACTAATGAGTACGACCAG
Lion,ATGCACGGCTCACTACGGCGCGCCTTAGATTGATCGACTACCGAGCGATCGATCGACGACCTTTCGATTGACGACAGCGAGATCACGCGAACTAGCTAGACAGCGAGGCGACGCGAGCTAGCGATAGACTGACGACTAATGCGTACGACCAG
Tiger,ATGCACGGCTCACGACGGCGCGCCTTAGATTGATCGACTACCGAGCGATCGATCGACGACCTTTCGATTGACGACAGCGAGATCACGCGAACTAGCTAGACAGCGAGGCGACGCGAGCTAGCGATCGACTGACGACTAATGAGAACGACCAG
Cheetah,ATGCACGGCTCACGACGGCGCGCCTTAGATTGATCGACTACCGAGCGATCGCTCGACGACCTTTCGATTGACGACAGCGAGATCACGCGAACTAGCTAGACAGCGAGGCGACGCGAGCTAGCGATAGGCTGACGACTAATGAGTACGCCCAG
Mountain Goat,ATGCACGCCTCATTACGGCGCGCCTGAGATTGACAGACTACCCAGCGATCGATCGACGACCTTTCGCTCGATGACAGTAAGAGTACGCGGACTAGCGAGACAGCGAGGCCACGCGAGCTAGCGATAGACTGACGACTAATGAGTACGCCCAG
Domestic Goat,ATGCACGCCTCATTACGGCGCGCCTGAGATTGACAGACTACCCAGCGATCGATCGACGACCTTTCGCTCGATGACAGTAAGAGTACGCGGATTAGCGAGACAGCGAGGCCACGCGAGCTAGCGATAGACTGACGACTAATGAGTACGCCCAA
Sheep,ATGCACGCCTCATTACGGCGCGCCTGAGATTGACAGACTACCCAGCGATCGATTGACGACCTTTCGCTCGATGACAGTAAGAGTACGCGGACTAGCGAGACAGCGAGGCCACGCGAGCTAGCGATAGACTGACGACTAATGAGTACTCCCAG
Cow,ATGCACGCCTCATTACGGCGCGCCTGAGATTGACAGGCTACCCAGCGATCGATCGACGATCTTTCGCTCGATGACAGTAAGAGTACGCGGACTAGCGAGACAGCGAGGCCACGCGAGCTAGCGATACACTGACGACTAATGAGTACTCCCAG
Horse,CGACTCGATCTACTACGGCCCTTCGGATCTTGATCGGCTACCCATAGCTCGAATGACAACCTTTCACTCGCTCACAGTAAGAGTACGCGGACTAGCGAGACAGCGAGGCCACCAGAGCTAGCGATAGACTGTCGACTAATGAATACGCCCCT
Donkey,CGACTCGATCTACTACGGCCCTTCGGATCTTGATCGGCTACCCATAGCTCGAATGACAACCTTTCACTCGCTCACAGTAAGAGTACGCGGACTAGCGAGACAGCGAGGCCACCAGAGCTAGCGATAGACTGTCGCCTAATGAATACGCCCCT
Zebra,CGACTCGATCTACTACGGCCCTTCGGATCTTGATCGGCTACCCATAGCTCGAATGACAACCTTTCACTCGCTCACAGTAAGAGTACGCGGACTAGCGAGACAGCGAGGCCACCAGAGCTAGCGATAGACTGTCGACTAATGAATGCGCCCCT
Pig,CGACTAGATTCACTACGGCCATTCGCGTATTGATCGCCTATAAAGCTCGAATAACAACATTTCAATCGCTCACAGTCAGAGTACGCGCACTCGCGAGACGGTGAGGACACGGGAGCTAGCTATCGACTGTCGCCTCATGACTACTCCCCT
Elephant,TGACTAGATTCACTACGGCCATTCGCGTGTTGATCGCCTATAAAGCTCGCATAACAACATTACCATCGCTCACAGATAGAGTACGCGCACTCGCGCCACGGTGAGGACACGGGAGCTAGCTATCGACTGTCGCCTCATGACTACTCCCCT
Killer Whale,TCACAAGATGCACTCCGGCCATTGCCGTGTTCATGGCCTGTAAACCCCGTGTAACAACTTTACAATTGCGCACAGACAGAGGACTGGCACTCGCGAAATGGTTAACACGCAAGAGCTAGCTATAGACTGTCGCCTCATGACTACACCCCT
Dolphin,TCACAAGATGCACTCCGGCCATTGCCGTGTTCATGGCCTGTAAACCCCGTGTAACAACTTTACAATTGCGCACAGACAGAGGACTGGCACACGCGAAATGGTTAACACGCAAGAGCTAGCTATAGACTGTCGCCTCATGACTACTCCCCT
Porpoise,TCACAAGATGCACTCCGGCCATTGCCGTGTTCATGGCCTGTAAACCCCGTGTAACAACTTTACAATTGCGCACAGACAGAGGTCTGGCACTCGCGAAATGGTTAACACGCAAGAGCTAGCTCTAGACTGACGCCTAATGACTACACCCCT
Chicken,TAACAAGACGCACTACGGCCCTTGCCATGGTGATGACGTGTTATCCCAGTGTTACAACTTTACCATTGCGCCCAGAACGAGGACTGGCACTCTTGATATGGTTAAGCCGCTAGAGATAGCTATAGACTAACGCCTAATGACTACACCCGG
Turkey,TAACAAGACGCACTACGGCCCTTGCCATGGTGATGACGTGTTATCCCAGTGTAACAACTTTACCATTGCGCCCAGAACGAGGACTGGCACTCTTGATATGGTTAAGCCGCTAGAGATAGCTATAGACTAACGCCTAATGCCTACACCCGG
Duck,TAACAAGACGCACTACGGCCCTTGCCATGGTCATGACATGTTATCCCAGTGTTACAACTTTACCATTGCGCCCAGAACGAGGACTGGCACTCTTGATCTGGTTAAGCCGCTAGAGATAGCTATAGACTAACGCCTAATGACTACCCCCGG
Goose,TAACAAGACGCACTACGGCCCTTGCCATGGTCATGACATGTTATCCCAGTGTTACAGCTTTACCATTGCGCCCAGAACGAGGACTGCCACTCTTGATCTGGTTAAGCCGCTAGAGATAGCTATAGACTAACGCCTAACGACTACCCCCGG
Penguin,GCACAAGAGGCACTACGGCACTTGCCATGCTCATGACATGTTAGCCCACTGTTCAAGCTTGACCAGTGCGCCCAGACCCAGGACTGCCACTCTGGAGCTGGGTAAGCCGATAGAGATAGCTATAGACTTACGCCTAAGGACTAAACCCGG
Eagle,GCACAAGAGGCACTACGGCACTTGCCATGCTCATGACATGTTAGCCCACTGCTCAAGCTTGACCAGTGCGCCCAGACCCAGGACTGCCACTCTGGAGCTGGGTAAGCCGATAGAGATAGCTATAGACTTACGCCTAAGGACTAAACCCGG
Falcon,GCACAAGAGGCACTACGGCACTTGCAATGCTCATGACATGTTAGCCCACTGCTCAAGCTTGACCAGTGCGCCCAGACCCAGGACTGCCACTCTGGAGCTGGGTAAGCCGATAGAGCTAGCTATAGACTTACGCCTCAGGACTAAACCCGG
Frog,ACATAAGAGGCACTACGGCACGTGCGATGCTAATGACATGTTAGACCACTGCTCCGACTTGCACAGAGCGCCCAGACCCAGGACGGGCACGCTGTAGCTGGGTTAGCCGATAGAGCTAGCTATAGACTTACGCCTAAGGACTAAACCCGG
Toad,ACATAAGAGGCACTACGGCACGTGCGATGCTAATGACATGTTAGACCACTGCTCCGACTTGCACAGAGCGCCCAGACCCAGGACGGGCACGCTGTAGCTGGGTTAGCCGATAGAGCAAGCTATAGACTTACGCCTAAGGGCTAAACCCGG
Salmon,ACATAAGCGGCACTACGGCACGTGCGATGCTAATGACATGTTAGACCACTGCTCCGCCTTGCACAGAGCGCCCAGACCCAGGACGGGCACGCTGTAGCTGGGTTAGCCGATAGAGCTAGCTATAGCAGTACGCCGTAGGACTAAACCCGG
Trout,ACATAAGCGGCACTACGGCACGTGCGATGCTAATGACATGTTAGACCACTGCTCCGCCTTGCACAGAGCGCCCAGACCCAGGACGGGCACGCTGTAGCTGGGTTAGCCGATAGAGCAAGCTATAGCAGTACGCCGTAGGACTAAACCAGG
Rattlesnake,ACATAAGCCGCGCTACGGCACGTGCGATGCTAATGACATGTTAGACCACTGCTCGGCCTTGCACAGAGCGCCCAGACCCAGGACGGGCACGCTGTAGCTGGGTTAGCCGATAGAGCTAGCTATAGCAGTACGCCGTAGGACTAAACCCGG
King Cobra,GCATAAGCGGCGCTACGCCACGTGCGATGCTAATGACATGTTAGACCACTGCTCGGCCTTGCACAGAGCGCCCAGACCCAGGACGGGCACGCTGTAGCTGGGTTAGCCGATAGAGCTAGCTATAGCAGTACGCCGTAGGACTAAACCCGG